pert_id	SMILES
BRD-A00758722	CC12CCC3C(C1CCC2(C#C)O)CCC4=CC(=O)CCC34
BRD-A00827783	CN1C2=C(C(=O)N(C1=O)C)N(C=N2)CC(CO)O
BRD-A01320529	C1=CC=C(C=C1)CCCCOCCCCCCNCC(C2=CC(=C(C=C2)O)CO)O
BRD-A01346607	CC1CC2C3CC(C4=CC(=O)C=CC4(C3(C(CC2(C1(C(=O)CO)O)C)O)F)C)F
BRD-A01636364	CCCCN1CCCCC1C(=O)NC2=C(C=CC=C2C)C
BRD-A01643550	C[C@H]1C[C@H]2[C@@H]3CC[C@@]([C@]3(C[C@@H]([C@@H]2[C@@]4(C1=CC(=O)C=C4)C)O)C)(C(=O)COC(=O)C)O
BRD-A02180903	CCCCC(=O)O[C@@]1([C@H](C[C@@H]2[C@@]1(C[C@@H]([C@]3([C@H]2CCC4=CC(=O)C=C[C@@]43C)F)O)C)C)C(=O)CO
BRD-A02579693	CC1OCC2C(O1)C(C(C(O2)O[C@H]3[C@H]4COC(=O)[C@@H]4[C@@H](C5=CC6=C(C=C35)OCO6)C7=CC(=C(C(=C7)OC)OP(=O)(O)O)OC)O)O
BRD-A02759312	CC(C)NCC(COC1=CC=C(C=C1)CCOCC2CC2)O
BRD-A03216249	CC1=C(C(=CC=C1)C)NC(=O)C2CCCCN2C
BRD-A03323675	CC(C)C1=NC(=CS1)CN(C)C(=O)NC(C(C)C)C(=O)NC(CC2=CC=CC=C2)CC(C(CC3=CC=CC=C3)NC(=O)OCC4=CN=CS4)O
BRD-A03427350	CC1=C(C2=C(C1=CC3=CC=C(C=C3)S(=O)C)C=CC(=C2)F)CC(=O)O
BRD-A03623303	CC(C)NCC(COC1=CC=C(C=C1)CCOC)O
BRD-A03932035	C[N+]1(C2CC(CC1C3C2O3)OC(=O)C(CO)C4=CC=CC=C4)C
BRD-A04327189	CNCC(C1=CC(=CC=C1)O)O
BRD-A04352665	CC1=NN=C(N1C2CC3CCC(C2)N3CC[C@@H](C4=CC=CC=C4)NC(=O)C5CCC(CC5)(F)F)C(C)C
BRD-A04553218	CN(C)CCC(C1=CC=C(C=C1)Cl)C2=CC=CC=N2
BRD-A05186015	CC(C(=O)C1=CC(=CC=C1)Cl)NC(C)(C)C
BRD-A05352148	CC(C)[N+]1(C2CCC1CC(C2)OC(=O)C(CO)C3=CC=CC=C3)C
BRD-A06935312	CC1C2CCC3(C(C2(CCC1O)C)C(CC4C3(CC(C4=C(CCC=C(C)C)C(=O)O)OC(=O)C)C)O)C
BRD-A07395371	CC(C)NCC(COC1=CC=C(C=C1)CCC(=O)OC)O
BRD-A07440155	CC(CCC1=CC=CC=C1)NCC(C2=CC(=C(C=C2)O)C(=O)N)O
BRD-A07765530	CNCC(C1=CC(=C(C=C1)O)O)O
BRD-A07780951	CC(C)NCC(C1=CC(=CC(=C1)O)O)O
BRD-A07893380	C=CC(CCC(=O)O)N
BRD-A08027849	CC(CCC(=O)O)C1CCC2C1(C(CC3C2C(CC4C3(CCC(C4)O)C)O)O)C
BRD-A08062015	CC12CCC(=O)C=C1CCC3C2CCC4(C3CCC4(C)O)C
BRD-A08200164	C1=CC(=CC=C1CC(C(=O)O)N)N(CCCl)CCCl
BRD-A08660406	CC(=O)N(CC(CN(C1=C(C(=C(C(=C1I)C(=O)NCC(CO)O)I)C(=O)NCC(CO)O)I)C(=O)C)O)C2=C(C(=C(C(=C2I)C(=O)NCC(CO)O)I)C(=O)NCC(CO)O)I
BRD-A09056319	CN(CCCNC(=O)C1CCCO1)C2=NC3=CC(=C(C=C3C(=N2)N)OC)OC
BRD-A09467419	CCN(CCCCOC(=O)C1=CC(=C(C=C1)OC)OC)C(C)CC2=CC=C(C=C2)OC
BRD-A09472452	C1CCNC(C1)C[NH2+]C(=O)C2=C(C=CC(=C2)OCC(F)(F)F)OCC(F)(F)F
BRD-A09533288	CC(C)C(CCCN(C)CCC1=CC(=C(C=C1)OC)OC)(C#N)C2=CC(=C(C=C2)OC)OC
BRD-A09539288	CN1C2CCC1CC(C2)OC(=O)C(C3=CC=CC=C3)O
BRD-A09722536	C1CNP(=O)(OC1)N(CCCl)CCCl
BRD-A10070317	CC(C)NCC(COC1=CC=CC2=CC=CC=C21)O
BRD-A10188456	CC1CC2C3CCC4=CC(=O)C=CC4(C3(C(CC2(C1(C(=O)COP(=O)(O)O)O)C)O)F)C
BRD-A10977446	COC1=CC=CC=C1OCCNCC(COC2=CC=CC3=C2C4=CC=CC=C4N3)O
BRD-A11170096	CCC(C)C(=O)OC1CC(C=C2C1C(C(C=C2)C)CCC(CC(CC(=O)O)O)O)O
BRD-A11263757	C1=NC(=NC(=O)N1C2C(C(C(O2)CO)O)O)N
BRD-A11990600	C1=CC=C(C(=C1)C2=NC(C(=O)NC3=C2C=C(C=C3)Cl)O)Cl
BRD-A12832192	CN(C(=O)NC1C(C(C(OC1O)CO)O)O)N=O
BRD-A13084692	CC1=C(C2=C(CCC(O2)(C)COC3=CC=C(C=C3)CC4C(=O)NC(=O)S4)C(=C1O)C)C
BRD-A13133631	CC1CC2C3CCC(C3(CC(C2(C4(C1=CC(=O)C=C4)C)F)O)C)(C(=O)C)O
BRD-A13188892	COC1=C(C=C2C(=C1)C(=NC(=N2)N3CCN(CC3)C(=O)C4COC5=CC=CC=C5O4)N)OC
BRD-A13650332	CC1=C(C(=NO1)C2=C(C=CC=C2Cl)F)C(=O)NC3C4N(C3=O)C(C(S4)(C)C)C(=O)O
BRD-A14566392	CN1C2CC(CC1C3C2O3)OC(=O)C(CO)C4=CC=CC=C4
BRD-A14792000	CCCCC(=O)N(CC1=CC=C(C=C1)C2=CC=CC=C2C3=NNN=N3)C(C(C)C)C(=O)O
BRD-A15131297	CCOC(=O)C(CCC1=CC=CC=C1)NC2CCC3=CC=CC=C3N(C2=O)CC(=O)O
BRD-A15297126	CC(=O)OCC(=O)C12C(CC3C1(CC(C4(C3CC(C5=CC(=O)C=CC54C)F)F)O)C)OC(O2)(C)C
BRD-A15493168	CC1[C@H]2C[C@H]3[C@H](N(C)C)C(=O)C(C(N)=O)C(=O)[C@@]3(O)C(=O)C2C(=O)c2c(O)cccc12
BRD-A15798299	CC[C@@H]1[C@@]2([C@@H]([C@@H](C(=O)[C@@H](C[C@@]([C@@H]([C@H](C(=O)[C@H](C(=O)O1)C)C)O[C@H]3[C@@H]([C@H](C[C@H](O3)C)N(C)C)O)(C)OC)C)C)N(C(=O)O2)CCCCN4C=C(N=C4)C5=CN=CC=C5)C
BRD-A16332958	C1=CC=C(C=C1)C(C2=CC=CC=C2)S(=O)CC(=O)N
BRD-A16444946	C[C@@H]1[C@H]([C@@H]([C@H]([C@H](O1)O[C@@H]2[C@H](O[C@@H]([C@@H]([C@H]2O)O)O[C@@H]3[C@H](OC([C@@H]([C@H]3O)O)O)CO)CO)O)O)N[C@H]4C=C([C@H]([C@@H]([C@H]4O)O)O)CO
BRD-A16478930	CC(=O)OCC(=O)C12C(CC3C1(CC(C4(C3CCC5=CC(=O)C=CC54C)F)O)C)OC6(O2)CCCC6
BRD-A16665823	C1=CC(=C(C(=C1)Cl)SC(CCC2=CC=C(C=C2)Cl)CN3C=CN=C3)Cl.[N+](=O)(O)[O-]
BRD-A16700644	CC(COC1=CC=CC=C1)NC(C)C(C2=CC=C(C=C2)O)O
BRD-A16746338	COC1=CC(=CC(=C1OC)OC)C2C3C(COC3=O)C(C4=CC5=C(C=C24)OCO5)O
BRD-A16754160	CC1(C(N2C(S1)C(C2=O)NC(=O)C(C3=CC=CC=C3)N)C(=O)[O-])C
BRD-A16934955	C1CC(C1)CN2CCC34C5C(CCC3(C2CC6=C4C(=C(C=C6)O)O5)O)O
BRD-A17448384	CC1CC2C3CCC4=CC(=O)C=CC4(C3(C(CC2(C1(C(=O)CO)O)C)O)Cl)C
BRD-A17655518	CC(C)CC1=CC=C(C=C1)C(C)C(=O)O
BRD-A17828570	C[C@]12CC[C@H]3[C@H]([C@@H]1CC[C@@H]2O)[C@@H](CC4=C3C=CC(=C4)O)CCCCCCCCCS(=O)CCCC(C(F)(F)F)(F)F
BRD-A17883755	C1CC(=O)NC(=O)C1N2CC3=C(C2=O)C=CC=C3N
BRD-A18419789	CC1OCC2C(O1)C(C(C(O2)OC3C4COC(=O)C4C(C5=CC6=C(C=C35)OCO6)C7=CC(=C(C(=C7)OC)O)OC)O)O
BRD-A18620900	CC12CCC3C(C1CC(C2O)O)CCC4=C3C=CC(=C4)O
BRD-A18917088	CC12CCC3C(C1CCC2O)CCC4=C3C=CC(=C4)O
BRD-A18929998	C1=CN(C(=O)N=C1N)C2C(C(C(O2)CO)O)O
BRD-A19195498	CC(CN1C2=CC=CC=C2CCC3=CC=CC=C31)CN(C)C
BRD-A19633847	C1CCC(CC1)C(CC2CCCCN2)C3CCCCC3
BRD-A19661776	CN1CCN2C(C1)C3=CC=CC=C3CC4=CC=CC=C42
BRD-A19736161	CC1=NC=CN1CC2CCC3=C(C2=O)C4=CC=CC=C4N3C
BRD-A20119038	CC1(C2CCC(C2)C1(C)NC)C
BRD-A20126139	CC1CC2C3CCC(C3(CC(C2C4(C1=CC(=O)CC4)C)O)C)C(=O)C
BRD-A20239487	CC(C)NCC(COC1=CC=C(C=C1)CC(=O)N)O
BRD-A20243730	CC12CCC3C(C1CCC2(C#C)O)CCC4=CC5=C(CC34C)C=NO5
BRD-A20794617	CC1C(C(CC(O1)OC2C(C(C(OC2OC3=C4C=C5C=C3OC6=C(C=C(C=C6)C(C(C(=O)NC(C(=O)NC5C(=O)NC7C8=CC(=C(C=C8)O)C9=C(C=C(C=C9O)O)C(NC(=O)C(C(C1=CC(=C(O4)C=C1)Cl)O)NC7=O)C(=O)O)CC(=O)N)NC(=O)C(CC(C)C)NC)O)Cl)CO)O)O)(C)N)O
BRD-A21490874	CC12CCC(=O)C=C1CCC3C2(C(CC4(C3CCC4(C)O)C)O)F
BRD-A21858158	C1CCC(CC1)C(=O)N2CC3C4=CC=CC=C4CCN3C(=O)C2
BRD-A22032524	CCOC(=O)C1=C(NC(=C(C1C2=CC=CC=C2Cl)C(=O)OC)C)COCCN.C1=CC=C(C=C1)S(=O)(=O)O
BRD-A22143024	CC12CCC3C(C1CCC2=O)CCC4=C3C=CC(=C4)OS(=O)(=O)O
BRD-A22256192	COC1=C(C=C2C(=C1)C(=NC(=N2)N3CCN(CC3)C(=O)C4CCCO4)N)OC
BRD-A22380646	COC1=C(C(=NC=C1)CS(=O)C2=NC3=C(N2)C=C(C=C3)OC(F)F)OC
BRD-A22740840	CC1(C2C(C3C(C(=O)C(=C(C3(C(=O)C2=C(C4=C1C=CC=C4O)O)O)[O-])C(=O)N)N(C)C)O)O.CC1(C2C(C3C(C(=O)C(=C(C3(C(=O)C2=C(C4=C1C=CC=C4O)O)O)[O-])C(=O)N)N(C)C)O)O.[Ca+2]
BRD-A22783572	CC[C@@]1(C[C@H]2C[C@@](C3=C(CCN(C2)C1)C4=CC=CC=C4N3)(C5=C(C=C6C(=C5)[C@]78CCN9[C@H]7[C@@](C=CC9)([C@H]([C@@]([C@@H]8N6C)(C(=O)OC)O)OC(=O)C)CC)OC)C(=O)OC)O
BRD-A22844106	CN1C(C(=O)Nc2ccccn2)C(=O)c2sccc2S1(=O)=O
BRD-A23034328	CCCC1CC(N(C1)C)C(=O)NC(C2C(C(C(C(O2)SC)OP(=O)(O)O)O)O)C(C)Cl
BRD-A23290232	CCCCC(=O)O[C@@]1(CCC2C1(CC(C3C2CCC4=CC(=O)CCC34C)O)C)C(=O)CO
BRD-A23359898	CC(C)CC(C1(CCC1)C2=CC=C(C=C2)Cl)N(C)C
BRD-A23637604	CC12CCC3C(C1CCC2(C)O)CCC4C3(CC(=CO)C(=O)C4)C
BRD-A23712469	CCC(C)C1C(=O)NC(C(=O)NC(C(=O)NC(C(=O)NC(C(=O)NCCCCC(C(=O)NC(C(=O)N1)CCCN)NC(=O)C(C(C)CC)NC(=O)C(CCC(=O)O)NC(=O)C(CC(C)C)NC(=O)C2CSC(=N2)C(C(C)CC)N)CC(=O)N)CC(=O)O)CC3=CN=CN3)CC4=CC=CC=C4
BRD-A23723433	CC1=C2C(C(=O)C3(C(CC4C(C3C(C(C2(C)C)(CC1OC(=O)C(C(C5=CC=CC=C5)NC(=O)C6=CC=CC=C6)O)O)OC(=O)C7=CC=CC=C7)(CO4)OC(=O)C)O)C)OC(=O)C
BRD-A23770159	CC1CCC2CC(C(=CC=CC=CC(CC(C(=O)C(C(C(=CC(C(=O)CC(OC(=O)C3CCCCN3C(=O)C(=O)C1(O2)O)C(C)CC4CCC(C(C4)OC)O)C)C)O)OC)C)C)C)OC
BRD-A23801136	CCC(C)N1CCC2(CC1)NC3=C4NC(=O)C(=CC=C[C@H](C)[C@H](O)[C@@H](C)[C@@H](O)[C@@H](C)[C@H](OC(=O)C)[C@H](C)[C@@H](OC)C=CO[C@@]5(C)Oc6c(C5=O)c(C3=N2)c(C4=O)c(O)c6C)C
BRD-A24228527	CC1COC2=C3N1C=C(C(=O)C3=CC(=C2N4CCN(CC4)C)F)C(=O)O
BRD-A24421185	CCCC[N+]1(C2CC(CC1C3C2O3)OC(=O)C(CO)C4=CC=CC=C4)C
BRD-A24514565	CC(=O)CC(C1=CC=CC=C1)C2=C(C3=CC=CC=C3OC2=O)[O-]
BRD-A25067867	CN1C2CCC1CC(C2)OC(C3=CC=CC=C3)C4=CC=CC=C4
BRD-A25234499	CCC1(CCC(=O)NC1=O)C2=CC=C(C=C2)N
BRD-A26095496	CCC(=O)OC1(C(CC2C1(CC(C3(C2CCC4=CC(=O)C=CC43C)F)O)C)C)C(=O)CCl
BRD-A26334849	CCCNCC(COC1=CC=CC=C1C(=O)CCC2=CC=CC=C2)O
BRD-A26384407	C1=CC=C2C(=C1)C(=O)NC2(C3=CC(=C(C=C3)Cl)S(=O)(=O)N)O
BRD-A26711594	CC1=C(C(C(=C(N1)C)C(=O)OCC[NH+](C)CC2=CC=CC=C2)C3=CC(=CC=C3)[N+](=O)[O-])C(=O)OC
BRD-A27887842	C[C@]12CCC(=O)C=C1CC[C@@H]3[C@@H]2C(=O)C[C@]4([C@H]3CC[C@@]4(C(=O)CO)O)C
BRD-A28856712	C1CC(C2=CC=CC=C2C1)C3=NCCN3
BRD-A29260609	CCCC(=O)NC1=CC(=C(C=C1)OCC(CNC(C)C)O)C(=O)C
BRD-A29426959	CN(C)CCOC(C1=CC=C(C=C1)Cl)C2=CC=CC=N2
BRD-A29485665	CC(CS(=O)(=O)C1=CC=C(C=C1)F)(C(=O)NC2=CC(=C(C=C2)C#N)C(F)(F)F)O
BRD-A29734509	CC(C)N(CCC(C1=CC=CC=C1)(C2=CC=CC=N2)C(=O)N)C(C)C
BRD-A30205217	CCN1C(=O)C(NC1=O)C2=CC=CC=C2
BRD-A30717181	CC(=O)OCC(=O)C1(CCC2C1(CC(C3(C2CCC4=CC(=O)CCC43C)F)O)C)O
BRD-A30815329	CCOC(=O)C1=C(NC(=C(C1C2=C(C(=CC=C2)Cl)Cl)C(=O)OC)C)C
BRD-A31158127	CC(C=CC(C1CC1)O)C2CCC3C2(CCCC3=CC=C4CC(CC(C4=C)O)O)C
BRD-A31159102	CNCCC(C1=CC=CC=C1)OC2=CC=C(C=C2)C(F)(F)F
BRD-A31204924	C1=CC=C(C(=C1)C(C2=CC=C(C=C2)Cl)C(Cl)Cl)Cl
BRD-A31312900	CC(C)(C1=CC=CC=C1CCC(C2=CC=CC(=C2)C=CC3=NC4=C(C=CC(=C4)Cl)C=C3)SCC5(CC5)CC(=O)O)O
BRD-A31374339	C1=NC2=C(N=C(N=C2N1C3C(C(C(O3)CO)O)O)F)N
BRD-A31521121	COC1=CC=CC=C1OCC(COC(=O)N)O
BRD-A31836915	CC1=CC2=C(C=C1C)N(C=N2)C3C(C(C(O3)CO)OP(=O)(O)OC(C)CNC(=O)CCC4(C(C5C6(C(C(C(=N6)C(=C7C(C(C(=N7)C=C8C(C(C(=N8)C(=C4[N-]5)C)CCC(=O)N)(C)C)CCC(=O)N)(C)CC(=O)N)C)CCC(=O)N)(C)CC(=O)N)C)CC(=O)N)C)O.[C-]#N.[Co+2]
BRD-A32505112	CCOC(=O)C(CCC1=CC=CC=C1)NC(C)C(=O)N2C3CCCCC3CC2C(=O)O
BRD-A33168282	CC(C)NCC(C1=CC=C(C=C1)NS(=O)(=O)C)O
BRD-A34006693	CC(C1=CC=C(S1)C(=O)C2=CC=CC=C2)C(=O)O
BRD-A34299591	CCCC1OC2CC3C4CCC5=CC(=O)C=CC5(C4C(CC3(C2(O1)C(=O)CO)C)O)C
BRD-A34309505	CN1CCN(CC1)C(=O)OC2C3=NC=CN=C3C(=O)N2C4=NC=C(C=C4)Cl
BRD-A34462049	CC(C)(C)NCC(=O)NC1=CC(=C2CC3CC4C(C(=O)C(=C(C4(C(=O)C3=C(C2=C1O)O)O)O)C(=O)N)N(C)C)N(C)C
BRD-A34578416	CC1=CC(=NC(=N1)OC(C(=O)O)C(C2=CC=CC=C2)(C3=CC=CC=C3)OC)C
BRD-A34817987	CCC(C)N1C(=O)N(C=N1)C2=CC=C(C=C2)N3CCN(CC3)C4=CC=C(C=C4)OCC5COC(O5)(CN6C=NC=N6)C7=C(C=C(C=C7)Cl)Cl
BRD-A35258977	C(C(C(C(C(CO)O)O)O)O)O
BRD-A35588707	COC1=CC(=CC(=C1O)OC)C2C3C(COC3=O)C(C4=CC5=C(C=C24)OCO5)OC6C(C(C7C(O6)COC(O7)C8=CC=CS8)O)O
BRD-A35782587	CC1=C(C2=CC3=NC(=CC4=C(C(=C(N4)C=C5[C@@]6([C@@H](C(=CC=C6C(=N5)C=C1N2)C(=O)OC)C(=O)OC)C)C)CCC(=O)OC)C(=C3C)CCC(=O)O)C=C
BRD-A35869383	C=CC(=O)N1CCCC(C1)N2C3=NC=NC(=C3C(=N2)C4=CC=C(C=C4)OC5=CC=CC=C5)N
BRD-A35989968	CC1=CC2C(CCC3(C2CCC3(C(=O)C)OC(=O)C)C)C4(C1=CC(=O)CC4)C
BRD-A37052580	CC12CCN(C1N(C3=C2C=C(C=C3)OC(=O)NC)C)C
BRD-A37288617	CCN(CC)C(C)C(=O)C1=CC=CC=C1
BRD-A37444045	C1=CC=C2C(=C1)C=NN=C2NN
BRD-A37541666	C=CCN1CCC23C4C(=O)CCC2(C1CC5=C3C(=C(C=C5)O)O4)O
BRD-A37630846	CC1C(C(CC(O1)OC2CC(CC3=C2C(=C4C(=C3O)C(=O)C5=C(C4=O)C(=CC=C5)OC)O)(C(=O)C)O)N)O
BRD-A37780065	CC12CC(C3(C(C1CC(C2(C(=O)CO)O)O)CCC4=CC(=O)C=CC43C)F)O
BRD-A37959677	CC12CCC3C(C1CCC2=O)CCC4=C3C=CC(=C4)O
BRD-A38030642	CCC1C(=O)N(CC(=O)N(C(C(=O)NC(C(=O)N(C(C(=O)NC(C(=O)NC(C(=O)N(C(C(=O)N(C(C(=O)N(C(C(=O)N(C(C(=O)N1)C(C(C)CC=CC)O)C)C(C)C)C)CC(C)C)C)CC(C)C)C)C)C)CC(C)C)C)C(C)C)CC(C)C)C)C
BRD-A38161572	C1CC(CCC1C2=CC=C(C=C2)Cl)C3=C(C4=CC=CC=C4C(=O)C3=O)O
BRD-A39290993	CC(=O)C1(CCC2C1(CCC3C2C=C(C4=CC(=O)C5CC5C34C)Cl)C)OC(=O)C
BRD-A39390670	CC1=C(C=CN=C1CS(=O)C2=NC3=CC=CC=C3N2)OCCCOC
BRD-A39747742	CCCCC(=O)OC1CCC2C1(CCC3C2CCC4=C3C=CC(=C4)O)C
BRD-A39969961	C[C@]12CCC(=O)C=C1C[C@H](C3[C@]24C(O4)C[C@]5([C@H]3CC[C@@]56CCC(=O)O6)C)C(=O)OC
BRD-A40639672	C1CN2C(=CC=C2C(=O)C3=CC=CC=C3)C1C(=O)O.C(C(CO)(CO)N)O
BRD-A40787240	CON=C1CN(CC1CN)C2=C(C=C3C(=O)C(=CN(C3=N2)C4CC4)C(=O)O)F
BRD-A41020680	C[NH+](C)[C@H]1[C@@H]2C[C@@H]3CC4=C(C=CC(=C4C(=C3C(=O)[C@@]2(C(=C(C1=O)C(=O)N)[O-])O)[O-])O)N(C)C
BRD-A41519720	C1=CC(=CC=C1[C@@H]2[C@H](C(=O)N2C3=CC=C(C=C3)F)CC[C@@H](C4=CC=C(C=C4)F)O)O
BRD-A41630653	CN1CCC23CCCCC2C1CC4=C3C=C(C=C4)OC
BRD-A42167015	CC(C)(C)NCC(COC1=CC=CC2=C1CCC(=O)N2)O
BRD-A42383464	CC1C(C(=O)NC(C(=O)N2CCCC2C(=O)N(CC(=O)N(C(C(=O)O1)C(C)C)C)C)C(C)C)NC(=O)C3=C4C(=C(C=C3)C)OC5=C(C(=O)C(=C(C5=N4)C(=O)NC6C(OC(=O)C(N(C(=O)CN(C(=O)C7CCCN7C(=O)C(NC6=O)C(C)C)C)C)C(C)C)C)N)C
BRD-A42571354	C1CN(CCN1CCOCC(=O)O)C(C2=CC=CC=C2)C3=CC=C(C=C3)Cl
BRD-A43671941	CC(C)NCC(COC1=CC=CC=C1OCC=C)O
BRD-A43974499	CCOC1=CC=CC=C1O[C@H]([C@@H]2CNCCO2)C3=CC=CC=C3
BRD-A43974575	C1C(C1N)C2=CC=CC=C2
BRD-A44448661	CCCC(C)C1(C(=O)NC(=O)NC1=O)CC
BRD-A44780397	CC#CC1(CCC2C1(CC(C3=C4CCC(=O)C=C4CCC23)C5=CC=C(C=C5)N(C)C)C)O
BRD-A44827100	CC[C@@H]1[C@@]([C@@H]([C@H](C(=O)[C@@H](C[C@@]([C@@H]([C@H]([C@@H]([C@H](C(=O)O1)C)O[C@H]2C[C@@]([C@H]([C@@H](O2)C)O)(C)OC)C)O[C@H]3[C@@H]([C@H](C[C@H](O3)C)N(C)C)O)(C)O)C)C)O)(C)O.C([C@@H]1[C@@H]([C@@H]([C@H]([C@@H](O1)O[C@H]([C@@H](CO)O)[C@@H]([C@H](C(=O)O)O)O)O)O)O)O
BRD-A45664787	CC#CCC(C)[C@@H](C=CC1[C@@H](C[C@H]2[C@@H]1CC(=CCCCC(=O)O)C2)O)O
BRD-A46179541	CCN1CC(C(C1=O)(C2=CC=CC=C2)C3=CC=CC=C3)CCN4CCOCC4
BRD-A46186775	CC12CC(C3C(C1CCC2(C(=O)COP(=O)(O)O)O)CCC4=CC(=O)C=CC34C)O
BRD-A46335897	CC(CN1C2=CC=CC=C2SC3=CC=CC=C31)N(C)C
BRD-A47494775	CC(C)(C)C(=O)OC1=C(C=C(C=C1)C(CNC)O)OC(=O)C(C)(C)C
BRD-A47564106	CC(C)CC1CN2CCC3=CC(=C(C=C3C2CC1=O)OC)OC
BRD-A47598013	CN(C)CCCC1(C2=C(CO1)C=C(C=C2)C#N)C3=CC=C(C=C3)F
BRD-A48180038	C1CCC(CC1)C(CCN2CCCCC2)(C3=CC=CC=C3)O
BRD-A48237631	CC1=C(C(=O)C2=C(C1=O)N3C[C@H]4[C@@H]([C@@]3([C@@H]2COC(=O)N)OC)N4)N
BRD-A48261811	CC1CCN(C(C1)C(=O)O)C(=O)C(CCCN=C(N)N)NS(=O)(=O)C2=CC=CC3=C2NCC(C3)C
BRD-A48430263	CCC1=CN=C(C=C1)CCOC2=CC=C(C=C2)CC3C(=O)NC(=O)S3
BRD-A48570745	CCC(C)[C@@H]1[C@H](CC[C@@]2(O1)CC3C[C@H](O2)C/C=C(/[C@H]([C@H](/C=C/C=C/4CO[C@H]5[C@@]4([C@@H](C=C([C@H]5O)C)C(=O)O3)O)C)O[C@H]6C[C@@H]([C@H]([C@@H](O6)C)OC7C[C@@H]([C@H]([C@@H](O7)C)O)OC)OC)C)C.C[C@H]1CC[C@]2(CC3C[C@H](O2)C/C=C(/[C@H]([C@H](/C=C/C=C/4CO[C@H]5[C@@]4([C@@H](C=C([C@H]5O)C)C(=O)O3)O)C)O[C@H]6C[C@@H]([C@H]([C@@H](O6)C)OC7C[C@@H]([C@H]([C@@H](O7)C)O)OC)OC)C)O[C@@H]1C(C)C
BRD-A48720949	CCCCCCCCCCC(=O)O[C@H]1CC[C@@H]2[C@@]1(CC[C@H]3[C@H]2CCC4=CC(=O)CC[C@]34C)C
BRD-A49148672	CN1CCC23C=CC(CC2OC4=C(C=CC(=C34)C1)OC)O
BRD-A49160188	COC1=C(C=C2C(=C1)CC(C2=O)CC3CCN(CC3)CC4=CC=CC=C4)OC
BRD-A49172652	CC1=C(C=CN=C1CS(=O)C2=NC3=CC=CC=C3N2)OCC(F)(F)F
BRD-A49447682	CC1CC2C3CCC4=CC(=O)C=CC4(C3(C(CC2(C1C(=O)CO)C)O)F)C
BRD-A49765801	C[C@]12C[C@@H]([C@]3([C@H]([C@@H]1C[C@@H]4[C@]2(OC(O4)(C)C)C(=O)CO)CCC5=CC(=O)C=C[C@@]53C)F)O
BRD-A50157456	CC(C)(C)NCC(C1=CC(=CC(=C1)O)O)O
BRD-A50310035	CCCCC(C)(CC=C[C@H]1[C@@H](CC(=O)[C@@H]1CCCCCCC(=O)OC)O)O
BRD-A50311610	CC1=CC(=CC=C1)CN2CCN(CC2)C(C3=CC=CC=C3)C4=CC=C(C=C4)Cl
BRD-A50684349	C1C[NH2+]CC(C2=CC(=C(C(=C21)Cl)O)O)C3=CC=C(C=C3)O
BRD-A50928468	CCC12CCC3C(C1CCC2(C#C)O)CCC4=CC(=O)CCC34
BRD-A51182606	C1=CC(=CC=C1C(C(CO)NC(=O)C(Cl)Cl)O)[N+](=O)[O-]
BRD-A51382177	CCC(=O)OC(C(C)C)OP(=O)(CCCCC1=CC=CC=C1)CC(=O)N2CC(CC2C(=O)[O-])C3CCCCC3
BRD-A51714012	CN(C)CC(C1=CC=C(C=C1)OC)C2(CCCCC2)O
BRD-A51820102	C1=CC(=C(C=C1Cl)Cl)COC(CN2C=CN=C2)C3=C(C=C(C=C3)Cl)Cl
BRD-A51964809	CCCCN(CCCC)CCC(C1=C2C=CC(=CC2=C3C=C(C=C(C3=C1)Cl)Cl)C(F)(F)F)O.Cl
BRD-A52530684	CC1C(C(CC(O1)OC2CC(CC3=C2C(=C4C(=C3O)C(=O)C5=C(C4=O)C(=CC=C5)OC)O)(C(=O)CO)O)[NH3+])O
BRD-A53131506	CC12CCC3C(C1CCC2O)CCC4=CC(=O)CCC34C
BRD-A53576514	CC1=CC=CC=C1C(C2=CC=CC=C2)OCCN(C)C
BRD-A53952395	CCCNC(C)C(=O)NC1=CC=CC=C1C
BRD-A54236247	CC(C(C1=CC=CC=C1)O)NC
BRD-A54596827	C1CN2CCC1[C@H](C2)OC(=O)N3CCC4=CC=CC=C4[C@@H]3C5=CC=CC=C5.Cl
BRD-A54635441	CCC(=O)O[C@](CC1=CC=CC=C1)(C2=CC=CC=C2)[C@H](C)CN(C)C
BRD-A54845972	CC1(C(=O)N2C(C(=O)N3CCCC3C2(O1)O)CC4=CC=CC=C4)NC(=O)C5CC6C(CC7=CNC8=CC=CC6=C78)N(C5)C
BRD-A54880345	CCOC(=O)C1=CN=CN1C(C)C2=CC=CC=C2
BRD-A55424491	CN(CC1=CN=C2C(=N1)C(=NC(=N2)N)N)C3=CC=C(C=C3)C(=O)NC(CCC(=O)O)C(=O)O
BRD-A55815733	CC1=C(C(=O)C2=CC=CC=C2C1=O)CC=C(C)CCCC(C)CCCC(C)CCCC(C)C
BRD-A55913614	CC(CCCN)NC1=C2C(=CC(=C1)OC)C=CC=N2
BRD-A55962179	CC1=CN=C(C(=C1OC)C)CS(=O)C2=NC3=C(N2)C=C(C=C3)OC
BRD-A56359832	CC(C1=CC2=CC=CC=C2S1)N(C(=O)N)O
BRD-A56470328	C[C@]12CCC(=O)C=C1CC[C@@H]3[C@@]2([C@H](C[C@]4([C@H]3CC[C@@]4(C(=O)CO)O)C)O)F
BRD-A56702968	CC1C=CC=CCCC=CC=CC=CC=CC(CC2C(C(CC(O2)(CC(C(CCC(CC(CC(CC(=O)OC(C(C1O)C)C)O)O)O)O)O)O)O)C(=O)O)OC3C(C(C(C(O3)C)O)N)O
BRD-A56892734	CC1=CN=C(C(=C1OC)C)CS(=O)C2=NC3=C([N-]2)C=CC(=C3)OC.CC1=CN=C(C(=C1OC)C)CS(=O)C2=NC3=C([N-]2)C=CC(=C3)OC.[Mg+2]
BRD-A57382968	CN1/C(=C(/NC2=CC=CC=N2)[O-])/C(=O)C3=CC=CC=C3S1(=O)=O.[Na+]
BRD-A58048407	CC1=C(C(C(=C(N1)C)C(=O)OC(C)C)C2=CC(=CC=C2)[N+](=O)[O-])C(=O)OCCOC
BRD-A58767537	CN(C)C/C=C/C(=O)NC1=C(C=C2C(=C1)C(=NC=N2)NC3=CC(=C(C=C3)F)Cl)O[C@@H]4CCOC4
BRD-A58837096	C1C(C(C(C(C1N)OC2C(C(C(C(O2)CO)O)O)N)OC3C(C(C(O3)CO)OC4C(C(C(C(O4)CN)O)O)N)O)O)N
BRD-A59808129	CC(=O)C1CCC2C1(CCC3C2CCC4=CC(=O)CCC34C)C
BRD-A59943784	C[C@@H]1C[C@H]2[C@@H]3C[C@@H](C4=CC(=O)C=C[C@@]4([C@]3([C@H](C[C@@]2([C@]1(C(=O)SCF)OC(=O)C5=CC=CO5)C)O)F)C)F
BRD-A59985574	CCC1(C2=C(COC1=O)C(=O)N3CC4=CC5=C(C=CC(=C5CN(C)C)O)N=C4C3=C2)O
BRD-A60197193	CCN1CCCC1CNC(=O)C2=CC(=C(C=C2OC)N)S(=O)(=O)CC
BRD-A60217728	CC(=O)N(CC(CO)O)C1=C(C(=C(C(=C1I)C(=O)NCC(CO)O)I)C(=O)NCC(CO)O)I
BRD-A60274948	CC(C)CC1C(=O)N2CCCC2C3(N1C(=O)C(O3)(C(C)C)NC(=O)C4CN(C5CC6=C(NC7=CC=CC(=C67)C5=C4)Br)C)O
BRD-A60414806	CC[C@@]1(C[C@@H]2C[C@@](C3=C(CCN(C2)C1)C4=CC=CC=C4N3)(C5=C(C=C6C(=C5)[C@]78CCN9[C@H]7[C@@](C=CC9)([C@H]([C@@]([C@@H]8N6C=O)(C(=O)OC)O)OC(=O)C)CC)OC)C(=O)OC)O
BRD-A61154809	CC1=CC=C(C=C1)S(=O)(=O)NC(=O)NN2CC3CCCC3C2
BRD-A61793559	CC1NC2=CC(=C(C=C2C(=O)N1C3=CC=CC=C3C)S(=O)(=O)N)Cl
BRD-A62025033	CC1CCC2CC(C(=CC=CC=CC(CC(C(=O)C(C(C(=CC(C(=O)CC(OC(=O)C3CCCCN3C(=O)C(=O)C1(O2)O)C(C)CC4CCC(C(C4)OC)OC(=O)C(C)(CO)CO)C)C)O)OC)C)C)C)OC
BRD-A62326914	C1CNCC(C1C2=CC=C(C=C2)F)COC3=CC4=C(C=C3)OCO4
BRD-A62421304	C[N+]1(CCCC(C1)OC(=O)C(C2=CC=CC=C2)(C3=CC=CC=C3)O)C
BRD-A62428732	C1CN(CCN1CCOCCO)C(C2=CC=CC=C2)C3=CC=C(C=C3)Cl
BRD-A62434282	CC(C)CC(C(=O)NC(CCCN=C(N)N)C(=O)N1CCCC1C(=O)NNC(=O)N)NC(=O)C(COC(C)(C)C)NC(=O)C(CC2=CC=C(C=C2)O)NC(=O)C(CO)NC(=O)C(CC3=CNC4=CC=CC=C43)NC(=O)C(CC5=CN=CN5)NC(=O)C6CCC(=O)N6
BRD-A63043573	CCNC(=O)N(CCCN(C)C)C(=O)C1CC2C(CC3=CNC4=CC=CC2=C34)N(C1)CC=C
BRD-A63667919	CCC(CO)NC(=O)C1CN(C2CC3=CNC4=CC=CC(=C34)C2=C1)C
BRD-A63934767	CCC(=O)OCC(=O)C1(C(CC2C1(CC(C3C2C(CC4=CC(=O)C=CC34C)Cl)O)C)C)OC(=O)CC
BRD-A64092382	CC1=C(C(=CC=C1)C)OCC(C)N
BRD-A64479082	COC1=CC2=C(C=CN=C2C=C1)C(C3CC4CCN3CC4C=C)O
BRD-A64977602	CN1CCN2C(C1)C3=CC=CC=C3CC4=C2N=CC=C4
BRD-A65013509	CCN(CC)CC#CCOC(=O)C(C1CCCCC1)(C2=CC=CC=C2)O
BRD-A65051990	CC(=O)CC(c1ccc(cc1)[N+]([O-])=O)c1c(O)c2ccccc2oc1=O
BRD-A65280694	CCC1=C(NC2=C1C(=O)C(CC2)CN3CCOCC3)C
BRD-A65282128	CC1=NN=C(S1)SCC2=C(N3C(C(C3=O)NC(=O)CN4C=NN=N4)SC2)C(=O)[O-]
BRD-A65449987	CC1(OC2CC3C4CC(C5=CC(=O)C=CC5(C4(C(CC3(C2(O1)C(=O)CO)C)O)F)C)F)C
BRD-A65671304	CCOC1=NC2=CC=CC(=C2N1CC3=CC=C(C=C3)C4=CC=CC=C4C5=NNN=N5)C(=O)OC(C)OC(=O)OC6CCCCC6
BRD-A65739223	CCOC(=O)C(CCC1=CC=CC=C1)NC(C)C(=O)N2C3CCCC3CC2C(=O)O
BRD-A65818372	C(CO)N(C1=C(C(=C(C(=C1I)C(=O)NCC(CO)O)I)C(=O)NCC(CO)O)I)C(=O)CO
BRD-A66229260	CC(CCCC(C)(C)O)C1CCC2C1(CCCC2=CC=C3CC(CC(C3=C)O)O)C
BRD-A66559694	C1CC1CN2CCC34C5C(=O)CCC3(C2CC6=C4C(=C(C=C6)O)O5)O
BRD-A66563878	CC1=C(C(=CC=C1)[C@@H](C)C2=CN=CN2)C
BRD-A66861218	CCC(=O)OCC(=O)[C@]1([C@H](C[C@@H]2[C@@]1(C[C@@H]([C@]3([C@H]2CCC4=CC(=O)C=C[C@@]43C)F)O)C)C)OC(=O)CC
BRD-A67097164	C1CN(P(=O)(OC1)NCCCl)CCCl
BRD-A67605442	CC(O)[C@H](O)C1CNc2nc(N)[nH]c(=O)c2N1
BRD-A67799922	CC(COC1=CC=CC=C1)N(CCCl)CC2=CC=CC=C2
BRD-A67981824	CC(=O)OCC1=C(N2C(C(C2=O)NC(=O)C(=NOC)C3=CSC(=N3)N)SC1)C(=O)[O-]
BRD-A68888262	CN1CCCC(CC1)N2C(=O)C3=CC=CC=C3C(=N2)CC4=CC=C(C=C4)Cl
BRD-A69512159	CC(CC1=CC(=C(C=C1)O)O)(C(=O)O)NN
BRD-A69636825	CC(=O)OC1C(SC2=CC=CC=C2N(C1=O)CC[NH+](C)C)C3=CC=C(C=C3)OC
BRD-A70150975	[OH-]
BRD-A70514680	CCCNC(C)C(=O)NC1=C(SC=C1C)C(=O)OC.Cl
BRD-A70649075	C1=CC(=CC=C1CSC(CN2C=CN=C2)C3=C(C=C(C=C3)Cl)Cl)Cl
BRD-A71390734	CC1C(C(CC(O1)OC2CC(CC3=C2C(=C4C(=C3O)C(=O)C5=CC=CC=C5C4=O)O)(C(=O)C)O)N)O
BRD-A71765365	COC1C(CC2CN3CCC4=C(C3CC2C1C(=O)OC)NC5=C4C=CC(=C5)OC)OC(=O)C6=CC(=C(C(=C6)OC)OC)OC
BRD-A72075775	CN(CC(CO)O)C(=O)C1=C(C(=C(C(=C1I)C(=O)NCC(CO)O)I)NC(=O)COC)I
BRD-A72130500	CN(C)[C@H]1[C@@H]2C[C@H]3[C@H](O)c4c(Cl)ccc(O)c4C(=O)C3C(=O)[C@]2(O)C(=O)C(C(N)=O)C1=O
BRD-A72441487	CC(C)(C)C(C=CC1=CC2=C(C=C1)OCO2)O
BRD-A73368467	CC(C)(C1=CC=C(C=C1)C(CCCN2CCC(CC2)C(C3=CC=CC=C3)(C4=CC=CC=C4)O)O)C(=O)O
BRD-A73581086	CC(CO)NC(=O)C1CN(C2CC3=CNC4=CC=CC(=C34)C2=C1)C
BRD-A73741725	C[C@]12CC[C@H]3[C@H]([C@@H]1CCC2=O)CC(=C)C4=CC(=O)C=C[C@]34C
BRD-A74160776	CC1C(C(C(C(O1)OCC2C(C(C(C(O2)OC3=C(OC4=CC(=CC(=C4C3=O)O)OCCO)C5=CC(=C(C=C5)OCCO)OCCO)O)O)O)O)O)O
BRD-A74500471	CCC(CO)NCCNC(CC)CO
BRD-A74642112	C1=C(C=C(C(=C1I)OC2=CC(=C(C(=C2)I)O)I)I)CC(C(=O)O)N
BRD-A74667430	CCC1=C2C(=CC=C1)C3=C(N2)C(OCC3)(CC)CC(=O)O
BRD-A74980173	CC1CN(CCN1)C2=C(C=C3C(=C2OC)N(C=C(C3=O)C(=O)O)C4CC4)F
BRD-A75144621	CC1C(C(CC(O1)OC2C(OC(CC2O)OC3C(OC(CC3O)OC4CCC5(C(C4)CCC6C5CC(C7(C6(CCC7C8=CC(=O)OC8)O)C)O)C)C)C)O)O
BRD-A75479906	CC(C12CC3CC(C1)CC(C3)C2)N
BRD-A75850590	CCN1C=C(C(=O)C2=CC(=C(C(=C21)F)N3CCNC(C3)C)F)C(=O)O
BRD-A75919782	Nc1nc(=O)c2N(C=O)C(CNc3ccc(cc3)C(=O)N[C@@H](CCC(O)=O)C(O)=O)CNc2[nH]1
BRD-A75935363	C[N+]1(CCC2=CC(=C(C=C2C1CC3=CC(=C(C=C3)OC)OC)OC)OC)CCC(=O)OCCCCCOC(=O)CC[N+]4(CCC5=CC(=C(C=C5C4CC6=CC(=C(C=C6)OC)OC)OC)OC)C
BRD-A76019558	CC(=O)N1CCN(CC1)C2=CC=C(C=C2)OCC3COC(O3)(CN4C=CN=C4)C5=C(C=C(C=C5)Cl)Cl
BRD-A76229785	C[C@@]1(C2C[C@H]3[C@@H](C(=O)C(=C([C@]3(C(=O)C2=C(C4=C1C=CC=C4O)O)O)O)C(=O)NCNCCCC[C@@H](C(=O)O)N)N(C)C)O
BRD-A77291778	CN(C)CCOC(=O)C(C1=CC=CC=C1)C2(CCCC2)O
BRD-A77824596	C[C@]12C[C@@H]([C@]3([C@H]([C@@H]1C[C@H]([C@@]2(C(=O)CO)O)O)C[C@@H](C4=CC(=O)C=C[C@@]43C)F)F)O
BRD-A78303415	CN1C2CCC1CC(C2)OC(=O)C(CO)C3=CC=CC=C3
BRD-A78322124	CC(CCC1=CC=C(C=C1)O)NCCC2=CC(=C(C=C2)O)O
BRD-A78877355	CN1CCOC(C2=CC=CC=C2C1)C3=CC=CC=C3
BRD-A79465854	CC[PH+](CC)CC.CC[PH+](CC)CC.CC(=O)OCC1C(C(C(C(O1)[SH2+])OC(=O)C)OC(=O)C)OC(=O)C.[Au].[Au]
BRD-A79672927	CCN(CC1=CC=NC=C1)C(=O)C(CO)C2=CC=CC=C2
BRD-A79803969	CC12CC3CC(C1)(CC(C3)(C2)N)C
BRD-A79981887	COC1=CC(=C(C=C1)OC)C(CNC(=O)CN)O
BRD-A80017228	C1=CC=C(C=C1)CC2NC3=C(C=C(C(=C3)C(F)(F)F)S(=O)(=O)N)S(=O)(=O)N2
BRD-A80638690	C1C(C(OC1N2C=C(C(=O)NC2=O)F)CO)O
BRD-A81233518	C[N+]1(CCC(C1)OC(=O)C(C2CCCC2)(C3=CC=CC=C3)O)C
BRD-A81772229	CCC(C)(C)C(=O)O[C@H]1C[C@H](C=C2[C@H]1[C@H]([C@H](C=C2)C)CC[C@@H]3C[C@H](CC(=O)O3)O)C
BRD-A82307304	CC(C)C1=C(C(=C(N1CCC(CC(CC(=O)O)O)O)C2=CC=C(C=C2)F)C3=CC=CC=C3)C(=O)NC4=CC=CC=C4
BRD-A82371568	C1=NC2=C(N=C(N=C2N1[C@H]3[C@H]([C@@H]([C@H](O3)CO)O)F)Cl)N
BRD-A83081521	CC12CCC3C(C1CCC2C(=O)NC(C)(C)C)CCC4C3(C=CC(=O)N4)C
BRD-A83859836	CN1C2CCC1CC(C2)OC(=O)C3=CNC4=CC=CC=C43
BRD-A83892713	CO[C@H]1C=CO[C@@]2(C)Oc3c(C2=O)c2c(O)c(C=NN4CCN(C)CC4)c(NC(=O)C(C)=C/C=C/[C@H](C)[C@H](O)[C@@H](C)[C@@H](O)[C@@H](C)[C@H](OC(C)=O)[C@@H]1C)c(O)c2c(O)c3C
BRD-A83937277	CCC1(C(=O)N(C(=O)N1)C)C2=CC=CC=C2
BRD-A84134924	CC(=O)OC1CC2CCC3C(C2(CC1[N+]4(CCCCC4)C)C)CCC5(C3CC(C5OC(=O)C)[N+]6(CCCCC6)C)C
BRD-A84174393	CC1=CN=C(S1)NC(=O)C2=C(C3=CC=CC=C3S(=O)(=O)N2C)[O-].[Na+]
BRD-A84174873	C1=CC(=CC=C1C(CC(=O)O)CN)Cl
BRD-A84465106	CC1=C(C(C(=C(N1)C)C(=O)OCC(C)C)C2=CC=CC=C2[N+](=O)[O-])C(=O)OC
BRD-A84481105	CN1CCCCC1CCN2C3=CC=CC=C3SC4=C2C=C(C=C4)SC
BRD-A84702196	CC1(C(N2C(S1)C(C2=O)NC(=O)COC3=CC=CC=C3)C(=O)[O-])C
BRD-A85137183	CC=CC1=C(N2C(C(C2=O)NC(=O)C(C3=CC=C(C=C3)O)N)SC1)C(=O)O
BRD-A86044036	CC(C1=CC(=C(C=C1)C2=CC=CC=C2)F)C(=O)O
BRD-A87387433	COCC1=C(N2C(C(C2=O)NC(=O)C(=NOC)C3=CSC(=N3)N)SC1)C(=O)O
BRD-A87606379	CC(C)(C)NCC(COC1=CC=CC2=C1CC(C(C2)O)O)O
BRD-A87719232	CC(C1=CC2=C(C=C1)C=C(C=C2)OC)C(=O)[O-].[Na+]
BRD-A87848830	CCNC(=O)CCCC=CC[C@H]1[C@H](C[C@H]([C@@H]1C=C[C@H](CCC2=CC=CC=C2)O)O)O
BRD-A88254928	CC(C)(C)NCC(C1=CC(=C(C=C1)O)CO)O
BRD-A88774919	CCO.C[C@@H]1C2C(C3[C@@H](C(=O)C(=C([C@]3(C(=O)C2=C(C4=C1C=CC=C4O)O)O)O)C(=O)N)N(C)C)O.C[C@@H]1C2C(C3[C@@H](C(=O)C(=C([C@]3(C(=O)C2=C(C4=C1C=CC=C4O)O)O)O)C(=O)N)N(C)C)O.O.Cl.Cl
BRD-A89175223	CC(C)NCC(COC1=CC=C(C=C1)COCCOC(C)C)O
BRD-A89585551	C1CCNC(C1)C(C2=CC(=NC3=C2C=CC=C3C(F)(F)F)C(F)(F)F)O
BRD-A90515964	COC1=CC=CC=C1OCC(CO)O
BRD-A90799790	CC1=C(C(C(=C(N1)C)C(=O)OC(C)C)C2=CC=CC3=NON=C32)C(=O)OC
BRD-A91008255	CC(C)COCC(CN(CC1=CC=CC=C1)C2=CC=CC=C2)N3CCCC3
BRD-A91452556	CC12CCC3C(C1CCC2OC(=O)CCC4CCCC4)CCC5=C3C=CC(=C5)O
BRD-A91555231	C1=CC(=C(C=C1C(CN)O)O)O
BRD-A91699651	CCN(CC)CCCC(C)NC1=C2C=CC(=CC2=NC=C1)Cl
BRD-A93255169	C1CC(=O)NC(=O)C1N2C(=O)C3=CC=CC=C3C2=O
BRD-A93269281	COC(=O)C(C1=CC=CC=C1Cl)N2CCC3=C(C2)C=CS3
BRD-A94709349	CC1=CC(=CC(=C1)OCC2CNC(=O)O2)C
BRD-A95602221	CCN(CC)C(=O)NC1=CC(=C(C=C1)OCC(CNC(C)(C)C)O)C(=O)C
BRD-A95869247	CC1CC2=CC=CC=C2N1NC(=O)C3=CC(=C(C=C3)Cl)S(=O)(=O)N
BRD-A95939040	C1=CC2=C(C(=C1)Cl)SC=C2COC(CN3C=CN=C3)C4=C(C=C(C=C4)Cl)Cl
BRD-A96255180	C1=NC(=NN1C2C(C(C(O2)CO)O)O)C(=O)N
BRD-A97437073	CN(CCOC1=CC=C(C=C1)CC2C(=O)NC(=O)S2)C3=CC=CC=N3.C(=CC(=O)O)C(=O)O
BRD-A97674275	CC1=C(C(=CC=C1)C)NC(=O)CN2CCN(CC2)CC(COC3=CC=CC=C3OC)O
BRD-A97701745	CC(C)NCC(COC1=CC=CC2=C1C=CN2)O
BRD-A97739905	CC(C1=CC(=CC=C1)C(=O)C2=CC=CC=C2)C(=O)O
BRD-A98725278	CCC(CO)NC(=O)C1CN(C2CC3=CN(C4=CC=CC(=C34)C2=C1)C)C
BRD-A99117172	CCN(CCCC(C)NC1=C2C=CC(=CC2=NC=C1)Cl)CCO
BRD-A99633051	CCC1(CC(=O)NC1=O)C
BRD-A99833829	CC(C[N+](C)(C)C)OC(=O)N
BRD-A99939097	CCCC(C)(COC(=O)N)COC(=O)NC(C)C
BRD-K00198051	C1CN(CCN1CCC=C2C3=CC=CC=C3SC4=C2C=C(C=C4)Cl)CCO.Cl.Cl
BRD-K00259736	CC(=O)NC1CCC2=CC(=C(C(=C2C3=CC=C(C(=O)C=C13)OC)OC)OC)OC
BRD-K00532621	CC1=NC=C2N1C3=C(C=C(C=C3)Cl)C(=NC2)C4=CC=CC=C4F
BRD-K00603606	C1CN(CC2=C1SC=C2)CC3=CC=CC=C3Cl
BRD-K00673382	C1=C(N=C(S1)N=C(N)N)CSCCC(=NS(=O)(=O)N)N
BRD-K01228321	[NH2-].[NH2-].Cl[Pt+2]Cl
BRD-K01292756	C1CN(CCC1N2C3=CC=CC=C3NC2=O)CCCC(C4=CC=C(C=C4)F)C5=CC=C(C=C5)F
BRD-K01612348	C[C@@H]1[C@@H]2[C@H](C(=O)N2C(=C1S[C@H]3CC[C@H](N3)C(=O)N(C)C)C(=O)O)[C@@H](C)O
BRD-K01624546	CCC=CCC=CCC=CCC=CCC=CCCCC(=O)O
BRD-K02227374	CCN(CC)C(=O)[C@@]1(C[C@@H]1C[NH3+])C2=CC=CC=C2.[Cl-]
BRD-K02265150	C1CN(CCN1)C2=NC3=CC=CC=C3OC4=C2C=C(C=C4)Cl
BRD-K02404261	CN1C=NC2=C1C(=O)N(C(=O)N2C)C
BRD-K02637541	CC1=CC=C(C=C1)C2=CC(=NN2C3=CC=C(C=C3)S(=O)(=O)N)C(F)(F)F
BRD-K02992638	C1C(OC(S1)CO)N2C=CC(=NC2=O)N
BRD-K03012696	C=CC1=C(N2[C@@H]([C@@H](C2=O)NC(=O)C(=NO)C3=CSC(=N3)N)SC1)C(=O)O
BRD-K03243820	C1[C@@H]([C@H](O[C@H]1N2C=C(C(=O)NC2=O)C(F)(F)F)CO)O
BRD-K03319035	CNCCCC12CCC(C3=CC=CC=C31)C4=CC=CC=C24
BRD-K03981224	CC1CC2=C(CCC(=O)C2)C3C1C4CCC(C4(CC3)C)(C#C)O
BRD-K04185004	CCCOC1=C(C=C(C=C1)C(=O)OCCN(CC)CC)N
BRD-K04196797	C1C2=CC=CC=C2N(C3=CC=CC=C3C1=O)C(=O)N
BRD-K04218075	CCN(CC)CCOC1=CC=C(C=C1)C(=C(C2=CC=CC=C2)Cl)C3=CC=CC=C3
BRD-K04412738	CN(C)CC1CCCCC1(C2=CC(=CC=C2)OC)O
BRD-K04804440	C1CC1N2C=C(C(=O)C3=CC(=C(C=C32)N4CCNCC4)F)C(=O)O
BRD-K04993501	C=CC1=C(N2C(C(C2=O)NC(=O)C(=NOCC(=O)O)C3=CSC(=N3)N)SC1)C(=O)O
BRD-K05395900	CN1CCCC1C2=CN=CC=C2
BRD-K05510762	CN1C2CCCC1CC(C2)NC(=O)C3=NN(C4=CC=CC=C43)C
BRD-K05658747	CC1=NN=C(O1)C(=O)NC(C)(C)C2=NC(=C(C(=O)N2C)[O-])C(=O)NCC3=CC=C(C=C3)F.[K+]
BRD-K05673000	CC1=C(C(=NO1)C2=C(C=CC=C2Cl)Cl)C(=O)NC3C4N(C3=O)C(C(S4)(C)C)C(=O)[O-]
BRD-K05977355	C1=CC(=C(C=C1F)F)C(CN2C=NC=N2)(CN3C=NC=N3)O
BRD-K06335600	C1CN=C(N1)NC2=C(C=CC3=NSN=C32)Cl
BRD-K06388322	CCCNC1CCC2=C(C1)SC(=N2)N
BRD-K06557128	C[C@@H](C1=NC=NC=C1F)[C@](CN2C=NC=N2)(C3=C(C=C(C=C3)F)F)O
BRD-K06878038	CC1=C(C(=O)C=CN1C)O
BRD-K06902185	C1CCN(CC1)C2=NC(=N)N(C(=C2)N)O
BRD-K06926592	CC1=C(C(CCC1)(C)C)C=CC(=CC=CC(=CC(=O)O)C)C
BRD-K07208025	COC1=CC(=CC(=C1OC)OC)CC2=CN=C(N=C2N)N
BRD-K07237224	C1COCCN1CCNC(=O)C2=CC=C(C=C2)Cl
BRD-K07265709	CC(CN1CC(=O)NC(=O)C1)N2CC(=O)NC(=O)C2
BRD-K07612980	CC1CN(CC(N1)C)C2=C(C(=C3C(=C2F)N(C=C(C3=O)C(=O)O)C4CC4)N)F
BRD-K08206212	Nc1nc(=O)c2ncn([C@H]3C[C@H](O)[C@@H](CO)C3=C)c2[nH]1
BRD-K08252256	C1=CC=C(C(=C1)CC(=O)[O-])NC2=C(C=CC=C2Cl)Cl
BRD-K08273968	CC1CC(=O)C=C(C12C(=O)C3=C(O2)C(=C(C=C3OC)OC)Cl)OC
BRD-K08327065	C1C(C(C(C(C1N)OC2C(C(C(C(O2)CN)O)O)O)O)OC3C(C(C(C(O3)CO)O)N)O)N
BRD-K08547377	CCC1=C2CN3C(=CC4=C(C3=O)COC(=O)C4(CC)O)C2=NC5=C1C=C(C=C5)OC(=O)N6CCC(CC6)N7CCCCC7
BRD-K08681769	CCCCCN(C)CCC(O)(P(=O)(O)O)P(=O)(O)O
BRD-K08806317	CC(C)(C)NCC(COC1=NSN=C1N2CCOCC2)O
BRD-K08924299	C1C[C@H]2CN(C(=O)C3=CC=CC(=C23)C1)[C@@H]4CN5CCC4CC5
BRD-K09416995	CCC(C)C(=O)OC1CC(C=C2C1C(C(C=C2)C)CCC3CC(CC(=O)O3)O)C
BRD-K09436313	CCCCCC(C=CC1C(CC(=O)C1CC=CCCCC(=O)O)O)O
BRD-K09631521	C1CN1P(=S)(N2CC2)N3CC3
BRD-K09821361	CC(=O)N(CCCCCNC(=O)CCC(=O)N(CCCCCNC(=O)CCC(=O)N(CCCCCN)O)O)O
BRD-K09951645	CC(C)(C)C1=NC(=C(S1)C2=NC(=NC=C2)N)C3=C(C(=CC=C3)NS(=O)(=O)C4=C(C=CC=C4F)F)F
BRD-K09963420	CC(C)(C)NC(=O)[C@@H]1CC2CCCCC2CN1C[C@H]([C@H](CC3=CC=CC=C3)NC(=O)[C@H](CC(=O)N)NC(=O)C4=NC5=CC=CC=C5C=C4)O
BRD-K10670311	OC(=O)c1cc(ccc1O)N=Nc1ccc(cc1)S(=O)(=O)Nc1ccccn1
BRD-K10706131	CCN(C)C(=O)OC1=CC=CC(=C1)C(C)N(C)C
BRD-K10852020	CC1=CC=C(C=C1)C(=O)C2=CC(=C(C(=C2)O)O)[N+](=O)[O-]
BRD-K10916986	CCC1=CC2CC(C3=C(CN(C2)C1)C4=CC=CC=C4N3)(C5=C(C=C6C(=C5)C78CCN9C7C(C=CC9)(C(C(C8N6C)(C(=O)OC)O)OC(=O)C)CC)OC)C(=O)OC
BRD-K10961822	CC(C)OC(=O)CCCC=CCC1C(CC(C1CCC(CCC2=CC=CC=C2)O)O)O
BRD-K10995081	C1CN(CCN1CCCN2C3=CC=CC=C3SC4=C2C=C(C=C4)Cl)CCO
BRD-K11129031	CC1=CC(=C(C=C1)C)OCCCC(C)(C)C(=O)O
BRD-K11196887	CCN1C=C(C(=O)C2=CC(=C(C=C21)N3CCNCC3)F)C(=O)O
BRD-K11433652	CC(=O)OC1=CC=CC=C1C(=O)O
BRD-K11469942	CCC(=O)OC1(C(CC2C1(CC(C3(C2CC(C4=CC(=O)C=CC43C)F)F)O)C)C)C(=O)SCF
BRD-K11905747	CC1CC(=O)C2(C(O1)OC3C(C(C(C(C3O2)NC)O)NC)O)O
BRD-K12219985	CC1=CN=C(C=N1)C(=O)NCCC2=CC=C(C=C2)S(=O)(=O)NC(=O)NC3CCCCC3
BRD-K12343256	CC1=C2C(=C(N(C1=O)C)NC3=C(C=C(C=C3)I)F)C(=O)N(C(=O)N2C4=CC=CC(=C4)NC(=O)C)C5CC5
BRD-K12437696	CC1C(C(=O)N1S(=O)(=O)O)NC(=O)C(=NOC(C)(C)C(=O)O)C2=CSC(=N2)N
BRD-K12994359	CC1=C(C(=NO1)C2=CC=CC=C2)C3=CC=C(C=C3)S(=O)(=O)N
BRD-K13032584	CC(C)NC(=O)C1=CC=C(C=C1)CNNC
BRD-K13044802	CC1=CC(=O)N(C(=C1)C2CCCCC2)O
BRD-K13078532	C1NC2=CC(=C(C=C2S(=O)(=O)N1)S(=O)(=O)N)Cl
BRD-K13183738	C1=CC(=CC=C1C(=N)N)OCCCCCOC2=CC=C(C=C2)C(=N)N
BRD-K13240564	CCN(C1=CC=CC=C1C)C(=O)C=CC
BRD-K13296708	CC1=C(N(N=C1C(=O)NN2CCCCC2)C3=C(C=C(C=C3)Cl)Cl)C4=CC=C(C=C4)Cl.Cl
BRD-K13356952	CC(=O)NC1=[N+](N=C(S1)S(=O)(=O)N)C
BRD-K13514097	C[C@@H]1CC[C@H]2C[C@@H](/C(=C/C=C/C=C/[C@H](C[C@H](C(=O)[C@@H]([C@@H](/C(=C/[C@H](C(=O)C[C@H](OC(=O)[C@@H]3CCCCN3C(=O)C(=O)[C@@]1(O2)O)[C@H](C)C[C@@H]4CC[C@H]([C@@H](C4)OC)OCCO)C)/C)O)OC)C)C)/C)OC
BRD-K13800121	CCC(=O)NS(=O)(=O)C1=CC=C(C=C1)C2=C(ON=C2C3=CC=CC=C3)C
BRD-K13926615	CCCc1nc(C)c2n1nc([nH]c2=O)-c1cc(ccc1OCC)S(=O)(=O)N1CCN(CC)CC1
BRD-K13927029	CC1=C(C(CCC1)(C)C)C=CC(=CC=CC(=CCO)C)C
BRD-K14036801	CCC1C(C(C(C(=NOCOCCOC)C(CC(C(C(C(C(C(=O)O1)C)OC2CC(C(C(O2)C)O)(C)OC)C)OC3C(C(CC(O3)C)N(C)C)O)(C)O)C)C)O)(C)O
BRD-K14204120	CNC(=C[N+](=O)[O-])NCCSCC1=CC=C(O1)CN(C)C
BRD-K14349461	CC1=NC=C(C(=C1O)CO)CO
BRD-K14550461	CC(C)C(C)C=CC(C)C1CCC2C1(CCCC2=CC=C3CC(CC(C3=C)O)O)C
BRD-K14704277	CCN1C2=CC3=C(C=C2C(=O)C(=N1)C(=O)O)OCO3
BRD-K15010214	CCOCCN1C2=CC=CC=C2N=C1N3CCCN(CC3)C
BRD-K15014948	C1CC(CCC1CN)C(=O)O
BRD-K15108141	C1=CN(C(=O)N=C1N)C2C(C(C(O2)CO)O)(F)F
BRD-K15262564	CC(C1C(O1)CC2COC(C(C2O)O)CC(=CC(=O)OCCCCCCCCC(=O)O)C)C(C)O
BRD-K15502390	CC1=C2C(=NC=C1)N(C3=C(C=CC=N3)C(=O)N2)C4CC4
BRD-K15567136	COC1=C(C=C(C=C1)CC2=NC=CC3=CC(=C(C=C32)OC)OC)OC
BRD-K15891719	C[C@@H](CN1C=NC2=C(N=CN=C21)N)OCP(=O)(OCOC(=O)OC(C)C)OCOC(=O)OC(C)C
BRD-K15916496	C1=CC=C(C=C1)C(C2=CC=CC=C2)(C3=CC=CC=C3Cl)N4C=CN=C4
BRD-K15933101	CCCN(CCC)CCC1=C2CC(=O)NC2=CC=C1
BRD-K16336526	CC(C)C=CCCCCC(=O)NCC1=CC(=C(C=C1)O)OC
BRD-K16406336	CN(C)C1=CC2=C(C=C1)N=C3C=CC(=[N+](C)C)C=C3S2
BRD-K16508793	CN1C(=O)CN=C(C2=C1C=CC(=C2)Cl)C3=CC=CC=C3
BRD-K16606819	CC1(C(=O)N(C(=O)O1)C)C
BRD-K17041687	CC1CC2C3CC(C4=CC(=O)C=CC4(C3(C(CC2(C1(C(=O)COC(=O)C)OC(=O)C)C)O)F)C)F
BRD-K17306061	C[C@@H](O[C@@H]1OCCN(Cc2nc(=O)[nH][nH]2)[C@@H]1c1ccc(F)cc1)c1cc(cc(c1)C(F)(F)F)C(F)(F)F
BRD-K17561142	CCCCC1=C(C2=CC=CC=C2O1)C(=O)C3=CC(=C(C(=C3)I)OCC[NH+](CC)CC)I
BRD-K17743125	C1=CC=C(C=C1)NS(=O)(=O)C2=CC=CC(=C2)/C=C/C(=O)NO
BRD-K18574842	CCOC1=C(C2=CC=CC=C2C=C1)C(=O)N[C@H]3[C@@H]4N(C3=O)[C@H](C(S4)(C)C)C(=O)O
BRD-K18618618	CC1=C(N=CN1)CSCCNC(=NC)NC#N
BRD-K18855837	C1C2CNCC1C3=CC4=NC=CN=C4C=C23
BRD-K18895904	CN1CCN(CC1)C1=Nc2ccccc2Nc2sc(C)cc12
BRD-K18922609	CN(C)C(=O)OC1=CC=CC(=C1)[N+](C)(C)C
BRD-K19352500	CN1CCN(CC1)CCCN2C3=CC=CC=C3SC4=C2C=C(C=C4)Cl
BRD-K19416115	C1CN2C(=NN=C2C(F)(F)F)CN1C(=O)C[C@@H](CC3=CC(=C(C=C3F)F)F)N
BRD-K19687926	CS(=O)(=O)CCNCC1=CC=C(O1)C2=CC3=C(C=C2)N=CN=C3NC4=CC(=C(C=C4)OCC5=CC(=CC=C5)F)Cl
BRD-K19706299	CCCCC[C@H](CC[C@@H]1[C@H](C[C@@H]2[C@H]1CC3=C(C2)C(=CC=C3)OCC(=O)O)O)O
BRD-K20141153	CC1=CC=CC=C1O[C@H](CCNC)C2=CC=CC=C2.Cl
BRD-K20168442	CC(=O)O[C@H]1C[C@@H]2CC[C@@H]3[C@@H]([C@]2(C[C@@H]1N4CCCCC4)C)CC[C@]5([C@H]3C[C@@H]([C@@H]5OC(=O)C)[N+]6(CCCCC6)C)C.[Br-]
BRD-K20338176	C1C(=C(N2C(S1)C(C2=O)NC(=O)C(C3=CC=CC=C3)N)C(=O)O)Cl
BRD-K21283037	C1=CC2=C(C=C1OC(F)(F)F)SC(=N2)N
BRD-K21520694	CC(=O)NS(=O)(=O)C1=CC=C(C=C1)N
BRD-K21680192	C1=CC(=C2C(=C1NCCNCCO)C(=O)C3=C(C=CC(=C3C2=O)O)O)NCCNCCO
BRD-K21733600	CS(=O)(=O)C1=CC=C(C=C1)C2=C(C(=O)OC2)C3=CC=CC=C3
BRD-K21806131	CCCCCN=C(/N)NN=Cc1c[nH]c2ccc(OC)cc12
BRD-K22031190	C1=CC(=C(C=C1C2=C(C=C(C=C2)F)F)C(=O)O)O
BRD-K22662435	Nc1nc2n(COC(CO)CO)cnc2c(=O)[nH]1
BRD-K23204545	CS(=O)(=O)OCCCCOS(=O)(=O)C
BRD-K23369905	C1=CC(=C(C=C1Cl)Cl)CON=C(CN2C=CN=C2)C3=C(C=C(C=C3)Cl)Cl
BRD-K23566484	CC1(C(=O)N(C(=O)N1)C2=CC(=C(C=C2)[N+](=O)[O-])C(F)(F)F)C
BRD-K23984367	CNC(=O)C1=NC=CC(=C1)OC2=CC(=C(C=C2)NC(=O)NC3=CC(=C(C=C3)Cl)C(F)(F)F)F
BRD-K24473282	CC(C)NCC(C1=CC(=C(C=C1)O)O)O
BRD-K24616672	CCN(CC)CCOC(=O)C1=CC=C(C=C1)N.CC1([C@@H](N2[C@H](S1)[C@@H](C2=O)NC(=O)CC3=CC=CC=C3)C(=O)O)C.O
BRD-K24844714	C1=C(C(=O)NC(=O)N1)F
BRD-K25394294	C1=CC=C(C=C1)C2=C(OC(=N2)CCC(=O)O)C3=CC=CC=C3
BRD-K26657438	CC(C)CN1C=NC2=C1C3=CC=CC=C3N=C2N
BRD-K26756156	Cl[Zn]Cl
BRD-K27218697	CCC(=O)[C@]1([C@@H](CC2[C@@]1(C[C@@H](C3C2CCC4=CC(=O)C=C[C@]34C)O)C)C)C
BRD-K27853494	CC(C(C1=CC=CC=C1)O)N
BRD-K28029915	C1C2CC3CC(CC1N3CC2=O)OC(=O)C4=CNC5=CC=CC=C54
BRD-K28143534	CN1CCC(=C2C3=CC=CC=C3C=CC4=CC=CC=C42)CC1
BRD-K28183345	CC(C)N=C(N)N=C(N)NC1=CC=C(C=C1)Cl
BRD-K28307902	CC(C)C(=O)NC1=CC(=C(C=C1)[N+](=O)[O-])C(F)(F)F
BRD-K28346421	CO[C@H]1C=CO[C@@]2(C)Oc3c(C2=O)c2c(O)c(C=NN4CCN(CC4)C4CCCC4)c(NC(=O)C(C)=C/C=C/[C@H](C)[C@H](O)[C@@H](C)[C@@H](O)[C@@H](C)[C@H](OC(C)=O)[C@@H]1C)c(O)c2c(O)c3C
BRD-K28494619	CC1=CC(=NO1)NS(=O)(=O)C2=CC=C(C=C2)N
BRD-K28542495	CN(C)CCCOC1=NN(C2=CC=CC=C21)CC3=CC=CC=C3
BRD-K28667793	C1=CN=C(C=N1)C(=O)N
BRD-K28761891	CCC(=O)NCC[C@@H]1CCC2=C1C3=C(C=C2)OCC3
BRD-K28849549	C1=CC(=C(C=C1N)C(=O)O)O
BRD-K28936863	CN1CCC(=C2C3=C(C(=O)CC4=CC=CC=C42)SC=C3)CC1
BRD-K29458283	C1=CC(=CC=C1CCCC(=O)O)N(CCCl)CCCl
BRD-K29530284	CC(C)C1=CC2=C(C=C1)OC3=NC(=C(C=C3C2=O)C(=O)O)N
BRD-K29582115	C1CN(CCN1CCC2=C(C=C3C(=C2)CC(=O)N3)Cl)C4=NSC5=CC=CC=C54.O.Cl
BRD-K29653726	CC1(OC2COC3(C(C2O1)OC(O3)(C)C)COS(=O)(=O)N)C
BRD-K29905972	CNC(=O)C1=CC=CC=C1SC2=CC3=C(C=C2)C(=NN3)C=CC4=CC=CC=N4
BRD-K30020243	CC(C)[C@H](CC1=CC(=C(C=C1)OC)OCCCOC)C[C@@H]([C@H](C[C@@H](C(C)C)C(=O)NCC(C)(C)C(=O)N)O)N
BRD-K30097969	C1CC1C2=NC3=CC=CC=C3C(=C2C=C[C@H](C[C@H](CC(=O)O)O)O)C4=CC=C(C=C4)F
BRD-K30114692	C1N2CN3CN1CN(C2)C3.C1=CC=C(C=C1)C(=O)NCC(=O)O
BRD-K30240666	CC(C1=CC=CC=C1)(C2=CC=C(C=C2)Cl)OCCC3CCCN3C
BRD-K30480208	CC1=CC(=CC=C1)NC2=C(C=NC=C2)S(=O)(=O)NC(=O)NC(C)C
BRD-K30600766	CC1C=CC=CC=CC=CC=CC=CC=CC(CC2C(C(CC(O2)(CC(CC(C(CCC(CC(CC(=O)OC(C(C1O)C)C)O)O)O)O)O)O)O)C(=O)O)OC3C(C(C(C(O3)C)O)N)O
BRD-K30618791	CC1=C2C(C(=O)C3(C(CC4C(C3C(C(C2(C)C)(CC1OC(=O)C(C(C5=CC=CC=C5)NC(=O)OC(C)(C)C)O)O)OC(=O)C6=CC=CC=C6)(CO4)OC(=O)C)O)C)O
BRD-K30649484	C1=CC(=CC=C1CN)S(=O)(=O)N
BRD-K31283835	CC1CCN(CC1N(C)C2=NC=NC3=C2C=CN3)C(=O)CC#N
BRD-K31333309	C1C(=NC(=O)N1N=CC2=CC=C(O2)C3=CC=C(C=C3)[N+](=O)[O-])[O-]
BRD-K31534764	COCCCCC(=NOCCN)C1=CC=C(C=C1)C(F)(F)F
BRD-K31542390	CC1=C2COC(=O)C2=C(C(=C1OC)CC=C(C)CCC(=O)O)O
BRD-K31616564	C1C(C2C(O1)C(CO2)O[N+](=O)[O-])O[N+](=O)[O-]
BRD-K32107296	CN1C(=O)N2C=NC(=C2N=N1)C(=O)N
BRD-K32164935	CC1=CC=C(C=C1)S(=O)(=O)NC(=O)NN2CCCCCC2
BRD-K32247306	CCC1(C(=O)NCNC1=O)C2=CC=CC=C2
BRD-K32273377	C1=CN=C(N=C1)NS(=O)(=O)C2=CC=C(C=C2)N
BRD-K32318651	Nc1nc2n(COCCO)cnc2c(=O)[nH]1
BRD-K32398298	CC1=NN=C2N1C3=C(C=C(C=C3)Cl)C(=NC2)C4=CC=CC=C4
BRD-K32744045	CCN(CC)C(=S)SSC(=S)N(CC)CC
BRD-K32821942	CN1C=NC(=C1SC2=NC=NC3=C2NC=N3)[N+](=O)[O-]
BRD-K32830106	C1=CC(=C(C(=C1)Cl)CC(=O)N=C(N)N)Cl
BRD-K33127281	COC1=C(C=C(C=C1)C2=CC3=C(C=C2)C=C(C=C3)C(=O)O)C45CC6CC(C4)CC(C6)C5
BRD-K33226500	CC(C)(C)NC(=O)C1CN(CCN1CC(CC(CC2=CC=CC=C2)C(=O)NC3C(CC4=CC=CC=C34)O)O)CC5=CN=CC=C5
BRD-K33453211	CC1CN(CCC1(C2=CC=CC=C2)C(=O)O)C3CCC(CC3)(C#N)C4=CC=C(C=C4)F
BRD-K34415467	CN(C)CCOC1=CC=C(C=C1)CNC(=O)C2=CC(=C(C(=C2)OC)OC)OC
BRD-K34776109	CCC1=C(CN(C1=O)C(=O)NCCC2=CC=C(C=C2)S(=O)(=O)NC(=O)NC3CCC(CC3)C)C
BRD-K34888156	CN1C2=C(C(=O)N(C1=O)C)NC=N2
BRD-K35240538	CC1CC2C3CCC(C3(CC(C2C4(C1=CC(=O)C=C4)C)O)C)(C(=O)CO)O
BRD-K35520305	CN(C)N=Nc1[nH]cnc1C(N)=O
BRD-K35559145	CC(CN1C2=CC=CC=C2SC3=C1C=C(C=C3)OC)CN(C)C
BRD-K36616567	CN(C)CCC=C1C2=CC=CC=C2COC3=CC=CC=C31
BRD-K36862742	C1NC2=C(C=C(C(=C2)C(F)(F)F)S(=O)(=O)N)S(=O)(=O)N1
BRD-K36927236	COC1=C(C=C(C=C1)Cl)C(=O)NCCC2=CC=C(C=C2)S(=O)(=O)NC(=O)NC3CCCCC3
BRD-K37130586	CN(C)CCC=C1C2=CC=CC=C2COC3=C1C=C(C=C3)CC(=O)O.Cl
BRD-K37130656	C1COCC(=O)N1C2=CC=C(C=C2)N3CC(OC3=O)CNC(=O)C4=CC=C(S4)Cl
BRD-K37187815	CC(OC(=O)C)OC(=O)C1=C(CS[C@H]2N1C(=O)[C@H]2NC(=O)C(=NOC)C3=CC=CO3)COC(=O)N
BRD-K37289225	CN1CCN(CC1)C1=Nc2cc(Cl)ccc2Nc2ccccc12
BRD-K37949327	CC(O)(P(=O)(O)O)P(=O)(O)O
BRD-K38197229	CCCCNC1=C(C(=CC(=C1)C(=O)O)S(=O)(=O)N)OC2=CC=CC=C2
BRD-K38305202	C1CN(CCC1N2C3=C(C=C(C=C3)Cl)NC2=O)CCCN4C5=CC=CC=C5NC4=O
BRD-K38436528	CN(C)CCCN1C2=CC=CC=C2CCC3=CC=CC=C31
BRD-K39397585	CCN1CCN(C(=O)C1=O)C(=O)NC(C2=CC=CC=C2)C(=O)NC3C4N(C3=O)C(C(S4)(C)C)C(=O)[O-]
BRD-K39716612	CC(C)N1C2=CC=CC=C2C(=C1C=CC(CC(CC(=O)O)O)O)C3=CC=C(C=C3)F
BRD-K39746403	CCC1C(C(C(C(=O)C(CC(C(C(C(C(C(=O)O1)C)OC2CC(C(C(O2)C)O)(C)OC)C)OC3C(C(CC(O3)C)N(C)C)O)(C)O)C)C)O)(C)O
BRD-K39915878	CN1CCN(CC1)C2=NC3=CC=CC=C3OC4=C2C=C(C=C4)Cl
BRD-K39983086	CCOC(=O)O[C@@]1(CCC2[C@@]1(C[C@@H](C3C2CCC4=CC(=O)C=C[C@]34C)O)C)C(=O)OCCl
BRD-K39987650	CC(=O)OC1=CC=C(C=C1)C(C2=CC=C(C=C2)OC(=O)C)C3=CC=CC=N3
BRD-K40621224	C(CN(CC(=O)O)CC(=O)O)N(CCN(CC(=O)O)CC(=O)O)CC(=O)O
BRD-K40758068	C1CC1C#CC2(C3=C(C=CC(=C3)Cl)NC(=O)O2)C(F)(F)F
BRD-K41260949	CCCC(CCC)C(=O)O
BRD-K41298358	C(CNCCNCCNCCN)N
BRD-K41410256	OC(=O)CCNC(=O)c1ccc(cc1)N=Nc1ccc(O)c(c1)C(O)=O
BRD-K41524689	CC(=O)NC1=CC=C(C=C1)O
BRD-K41731458	C1=CC(=C(C=C1Cl)O)OC2=C(C=C(C=C2)Cl)Cl
BRD-K42098891	CNCCCC1C2=CC=CC=C2C=CC3=CC=CC=C13
BRD-K42348709	CN(C)CCC=C1C2=CC=CC=C2C=CC3=CC=CC=C31
BRD-K43457670	CC(=O)NC1=NN=C(S1)S(=O)(=O)N
BRD-K43544024	C[C@]12CC[C@H]3[C@H]([C@@H]1CC[C@]2(C)O)CC[C@@H]4[C@@]3(COC(=O)C4)C
BRD-K43744935	CCC(=C(C1=CC=CC=C1)C2=CC=C(C=C2)OCCN(C)C)C3=CC=CC=C3
BRD-K43813806	CN(CC=CC1=CC=CC=C1)CC2=CC=CC3=CC=CC=C32.Cl
BRD-K43860855	C1=CC(=CC(=C1)I)CN=C(N)N
BRD-K43887077	C1=CC(=C(C=C1CCN)O)O
BRD-K44094599	CC1CC(C2C(CC(C(O2)(C(=O)C(=O)N3CCCCC3C(=O)OC(C(C(CC(=O)C(C=C(C1)C)CC=C)O)C)C(=CC4CCC(C(C4)OC)O)C)O)C)OC)OC
BRD-K44227013	CC1=C(C=C(C=C1)C(=O)NC2=CC(=C(C=C2)CN3CCN(CC3)C)C(F)(F)F)C#CC4=CN=C5N4N=CC=C5
BRD-K44353683	CC(C)C1CCC(CC1)C(=O)NC(CC2=CC=CC=C2)C(=O)O
BRD-K44497846	CCOC(=O)C(CCC1=CC=CC=C1)NC(C)C(=O)N2CCCC2C(=O)O
BRD-K44779798	C1C(C(C(C(N1CCO)CO)O)O)O
BRD-K44876623	CC1=CC=C(C=C1)C2=C(N3C=C(C=CC3=N2)C)CC(=O)N(C)C
BRD-K45033733	CC(=O)OCC(CCN1C=NC2=CN=C(N=C21)N)COC(=O)C
BRD-K45071273	CCCCNC1=CC=C(C=C1)C(=O)OCCN(C)C
BRD-K46018455	CC(C)(C(=O)O)OC1=CC=C(C=C1)CCNC(=O)C2=CC=C(C=C2)Cl
BRD-K46137903	CCC(=O)OCC(=O)C1(CCC2C1(CC(C3C2CCC4=CC(=O)C=CC34C)O)C)OC(=O)OCC
BRD-K46652470	CNC(=C[N+](=O)[O-])NCCSCC1=CSC(=N1)CN(C)C
BRD-K46742498	CC1=C(N=CN1)CN2CCC3=C(C2=O)C4=CC=CC=C4N3C
BRD-K46862739	CC(C)(C1=CN=CC=C1)C(=O)C2=CN=CC=C2
BRD-K47278471	CN(C)CCOC(C1=CC=CC=C1)C2=CC=CC=C2
BRD-K47631482	CN(CC1=C(C(=CC(=C1)Br)Br)N)C2CCCCC2
BRD-K47639036	CC1=C(OC2=C(C1=O)C=CC=C2C(=O)OCCN3CCCCC3)C4=CC=CC=C4
BRD-K47679368	C1=CC(=C(C(=C1)C(=O)C2=CC=C(C=C2)Br)N)CC(=O)O
BRD-K47780086	Nc1nc(O)c2ncn(CCC(CO)CO)c2n1
BRD-K47886988	CCN1C=C(C(=O)C2=C1N=C(C=C2)C)C(=O)O
BRD-K48168960	CCCC1=CC(=O)NC(=S)N1
BRD-K48300629	C1=CC=C2C(=C1)C(=NO2)CS(=O)(=O)N
BRD-K48367671	CC1=C(SC(=N1)C2=CC(=C(C=C2)OCC(C)C)C#N)C(=O)O
BRD-K48519456	CC1(C(N2C(S1)C(C2=O)NC(=O)CC3=CC=CC=C3)C(=O)O)C
BRD-K48578705	CC(CC1=CC(=C(C=C1)O)O)(C(=O)O)N
BRD-K48617017	CCNC1CC(S(=O)(=O)C2=C1C=C(S2)S(=O)(=O)N)C
BRD-K48722833	CC(=O)C1=CC(=C(C=C1)OCCCN2CCC(CC2)C3=NOC4=C3C=CC(=C4)F)OC
BRD-K49111258	COC1=C(C=C2C(=C1)C(=NC(=N2)N3CCN(CC3)C(=O)C4=CC=CO4)N)OC
BRD-K49328571	CC1=C(C(=CC=C1)Cl)NC(=O)C2=CN=C(S2)NC3=CC(=NC(=N3)C)N4CCN(CC4)CCO
BRD-K49384696	CCCC1CC(N(C1)C)C(=O)NC(C2C(C(C(C(O2)SC)O)O)O)C(C)O
BRD-K49404994	CCC(C(=O)N)N1CCCC1=O
BRD-K49668410	CC[C@@H]1[C@@]([C@@H]([C@H](C(=O)[C@@H](C[C@@]([C@@H]([C@H]([C@@H]([C@H](C(=O)O1)C)OC2CC(C(C(O2)C)O)(C)OC)C)OC3C(C(CC(O3)C)N(C)C)O)(C)OC)C)C)O)(C)O
BRD-K49669424	CC[N+](C)(C)CC1=CC=CC=C1Br
BRD-K50128260	CCCc1nn(C)c2c1[nH]c(nc2=O)-c1cc(ccc1OCC)S(=O)(=O)N1CCN(C)CC1
BRD-K50388907	CC(C)OC(=O)C(C)(C)OC1=CC=C(C=C1)C(=O)C2=CC=C(C=C2)Cl
BRD-K50938287	CNS(=O)(=O)CC1=CC2=C(C=C1)NC=C2CCN(C)C
BRD-K50938786	CCCN1CCCCC1C(=O)NC2=C(C=CC=C2C)C
BRD-K51207550	CCC1=NC=CC(=C1)C(=S)N
BRD-K51350053	CN(C)CCOC1=CC=C(C=C1)C(=C(CCCl)C2=CC=CC=C2)C3=CC=CC=C3
BRD-K52020312	CC1=NC=C(N1CCO)[N+](=O)[O-]
BRD-K52080565	C[C@]12CC[C@H]3[C@H]([C@@H]1CC[C@@H]2O)CCC4=CC(=O)CC[C@H]34
BRD-K52172416	CC(C)(C#N)C1=CC(=CC(=C1)CN2C=NC=N2)C(C)(C)C#N
BRD-K52256627	C1=CC(=CC=C1NC(=NC(=NCCCCCCN=C(N)N=C(N)NC2=CC=C(C=C2)Cl)N)N)Cl.C([C@H]([C@H]([C@@H]([C@H](C(=O)O)O)O)O)O)O.C([C@H]([C@H]([C@@H]([C@H](C(=O)O)O)O)O)O)O
BRD-K52662033	CCN(CC)CC(=O)NC1=C(C=CC=C1C)C
BRD-K52930707	COC1C(CC2CN3CCC4=C(C3CC2C1C(=O)OC)NC5=C4C=CC(=C5)OC)OC(=O)C=CC6=CC(=C(C(=C6)OC)OC)OC
BRD-K52989797	CN(C)CCCN1C2=CC=CC=C2CCC3=C1C=C(C=C3)Cl
BRD-K53226837	C1C(C(=O)NO1)N
BRD-K53857191	CC1=C(C(=O)N2CCCCC2=N1)CCN3CCC(CC3)C4=NOC5=C4C=CC(=C5)F
BRD-K53972329	C1CCC(C1)C(CC#N)N2C=C(C=N2)C3=C4C=CNC4=NC=N3
BRD-K53987533	CCCCCCCCCC(=O)OCCN1CCN(CC1)CCCN2C3=CC=CC=C3SC4=C2C=C(C=C4)C(F)(F)F
BRD-K54006094	CC(CC1=CC=C(C=C1)OC)NCC(C2=CC(=C(C=C2)O)NC=O)O
BRD-K54262262	C1=CC=C(C=C1)COC2=CC=C(C=C2)O
BRD-K54314721	CN(C)CCC1=CNC2=C1C=C(C=C2)CC3COC(=O)N3
BRD-K54316499	CC1=CC(=C(C=C1)O)C(CCN(C(C)C)C(C)C)C2=CC=CC=C2
BRD-K54416256	CN1C=CNC1=S
BRD-K54472332	CC(C)[C@@H](CO)N1C=C(C(=O)C2=C1C=C(C(=C2)CC3=C(C(=CC=C3)Cl)F)OC)C(=O)O
BRD-K54529596	CC(CS)C(=O)N1CCCC1C(=O)O
BRD-K54759182	CN(C)CCC=C1C2=CC=CC=C2CSC3=CC=CC=C31
BRD-K54770957	CC1=NC=C(C=C1)C2=C(C=C(C=N2)Cl)C3=CC=C(C=C3)S(=O)(=O)C
BRD-K55044200	CC1(C(N2C(S1)C(C2=O)NC(=O)C(C3=CC=C(C=C3)O)N)C(=O)O)C
BRD-K55127134	C1CN(CCN1CCCN2C3=CC=CC=C3SC4=C2C=C(C=C4)C(F)(F)F)CCO
BRD-K55301415	C[C@]12CC[C@@H](CC1=CC[C@@H]3[C@@H]2CC[C@]4([C@H]3CC=C4C5=CN=CC=C5)C)O
BRD-K55395145	Nc1nc2[nH]cc(CCc3ccc(cc3)C(=O)N[C@H](CCC(O)=O)C(O)=O)c2c(=O)[nH]1
BRD-K55930204	C1=CC=C(C=C1)C2(C(=O)NC(=O)N2)C3=CC=CC=C3
BRD-K56343971	CCCS(=O)(=O)NC1=C(C(=C(C=C1)F)C(=O)C2=CNC3=C2C=C(C=N3)C4=CC=C(C=C4)Cl)F
BRD-K56614220	CC(C)N=C1C=C2C(=NC3=CC=CC=C3N2C4=CC=C(C=C4)Cl)C=C1NC5=CC=C(C=C5)Cl
BRD-K56800335	C1=CC(=C(C(=C1)Cl)C=NN=C(N)N)Cl
BRD-K56810756	CC1=CNN=C1
BRD-K56851771	CC1(C(=O)N(C(=S)N1C2=CC(=C(C=C2)C(=O)NC)F)C3=CC(=C(C=C3)C#N)C(F)(F)F)C
BRD-K57174586	CNC1CCC(C2=CC=CC=C12)C3=CC(=C(C=C3)Cl)Cl
BRD-K57222227	CC1=C(C2=C(N1C(=O)C3=CC=C(C=C3)Cl)C=CC(=C2)OC)CC(=O)O
BRD-K57569181	CC(=O)CCCCN1C(=O)C2=C(N=CN2C)N(C1=O)C
BRD-K57631554	C(CC(=O)O)C(=O)CN
BRD-K57875380	CN1C[C@@H]2C(C1)C3=CC=CC=C3OC4=C2C=C(C=C4)Cl
BRD-K57930253	C1C(=O)NC2=C(C=C(C=C2)[N+](=O)[O-])C(=N1)C3=CC=CC=C3
BRD-K58662656	C[N+]1(CCCC1)CC2=C(N3C(C(C3=O)NC(=O)C(=NOC)C4=CSC(=N4)N)SC2)C(=O)[O-]
BRD-K59058747	CC(=O)NC(CS)C(=O)O
BRD-K59935627	CC(C)(C(=O)O)ON=C(C1=CSC(=N1)N)C(=O)NC2C3N(C2=O)C(=C(CS3)C[N+]4=CC=CC=C4)C(=O)[O-]
BRD-K60038276	CCCCC1=NC2(CCCC2)C(=O)N1CC3=CC=C(C=C3)C4=CC=CC=C4C5=NNN=N5
BRD-K60160658	CC1=C(SC=C1)C(=CCCN2CCCC(C2)C(=O)O)C3=C(C=CS3)C
BRD-K60237333	C1=CC(=CN=C1)C(=O)[O-]
BRD-K60460488	CC1=C(C=CC=C1O)C(=O)NC(CSC2=CC=CC=C2)C(CN3CC4CCCCC4CC3C(=O)NC(C)(C)C)O
BRD-K60640630	C[C@@H]1C[C@H]2C3CCC4=CC(=O)C=C[C@@]4([C@]3([C@H](C[C@@]2([C@]1(C(=O)CCl)O)C)O)Cl)C
BRD-K60762818	CNCCCN1C2=CC=CC=C2CCC3=CC=CC=C31
BRD-K60770992	CCCN1CC(CC2C1CC3=CNC4=CC=CC2=C34)CSC
BRD-K61192372	CCCCCOC(=O)NC1=NC(=O)N(C=C1F)[C@H]2[C@@H]([C@@H]([C@H](O2)C)O)O
BRD-K61250553	CN(C)C(=O)C(CC[NH+]1CCC(CC1)(C2=CC=C(C=C2)Cl)O)(C3=CC=CC=C3)C4=CC=CC=C4
BRD-K61327230	C[n+]1ccccc1C=NO
BRD-K62012036	CC1=CC(=C(C(=C1C=CC(=CC=CC(=CC(=O)O)C)C)C)C)OC
BRD-K62200014	Clc1ccc2N=C3NC(=O)CN3Cc2c1Cl
BRD-K62363391	C1=CC(=CC=C1N)S(=O)(=O)C2=CC=C(C=C2)N
BRD-K62737565	C1CCC(CC1)(CC(=O)O)CN
BRD-K63072637	CN1CCCN=C1C=CC2=CC=CS2
BRD-K63165456	CNCCC=C1C2=CC=CC=C2CCC3=CC=CC=C31
BRD-K63242551	CC1=C(N2C(C(C2=O)NC(=O)C(C3=CC=C(C=C3)O)N)SC1)C(=O)O
BRD-K63343048	CCCCCCCCCCCC(CC1C(C(=O)O1)CCCCCC)OC(=O)C(CC(C)C)NC=O
BRD-K63430059	COC1=C2C(=CC3=C1OC=C3)C=CC(=O)O2
BRD-K63504947	CC1=CC(=C(N1)C=C2C3=CC=CC=C3NC2=O)C
BRD-K63630713	CCC(=C)C(=O)C1=C(C(=C(C=C1)OCC(=O)O)Cl)Cl
BRD-K63736853	CC1=CN=C(C=[N+]1[O-])C(=O)O
BRD-K63828191	C1CCN(CC1)CCOC2=CC=C(C=C2)C(=O)C3=C(SC4=C3C=CC(=C4)O)C5=CC=C(C=C5)O
BRD-K64052750	COC1=C(C=C2C(=C1)N=CN=C2NC3=CC(=C(C=C3)F)Cl)OCCCN4CCOCC4
BRD-K64931368	C(CCC(=O)O)CCN
BRD-K65146499	CC(=O)CCC1=CC2=C(C=C1)C=C(C=C2)OC
BRD-K65544384	C1=CC(=CC=C1C(=O)NCC(=O)O)N
BRD-K65667145	C1=COC(=C1)CNC2=NC=NC3=C2NC=N3
BRD-K66615216	COC1=C2C(=CC(=C1N3CC4CCCNC4C3)F)C(=O)C(=CN2C5CC5)C(=O)O
BRD-K66876909	CC(=O)NCC1CN(C(=O)O1)C2=CC(=C(C=C2)N3CCOCC3)F
BRD-K67017579	C1CCC(CC1)N2C(=NN=N2)CCCCOC3=CC4=C(C=C3)NC(=O)CC4
BRD-K67043667	CN(C)C1=NC(=NC(=N1)N(C)C)N(C)C
BRD-K67080878	CC1=C(C=C(C(=O)N1)C#N)C2=CC=NC=C2
BRD-K67102207	C1=CC=C(C=C1)CCCC(=O)O
BRD-K67261995	C1=C(C(=C(C(=C1I)NC(=O)CCCCC(=O)NC2=C(C=C(C(=C2I)C(=O)O)I)I)I)C(=O)O)I
BRD-K67601717	CN(C)CCC1=CNC2=C1C=C(C=C2)CS(=O)(=O)N3CCCC3
BRD-K67783091	C1CN(CCC1(C2=CC=C(C=C2)Cl)O)CCCC(=O)C3=CC=C(C=C3)F
BRD-K67919934	CC(=O)SC1CC2=CC(=O)CCC2(C3C1C4CCC5(C4(CC3)C)CCC(=O)O5)C
BRD-K67966701	C1CC(N(C1)C(=O)C(CCCCN)NC(CCC2=CC=CC=C2)C(=O)O)C(=O)O
BRD-K67977190	CCCCC1=NC=C(N1CC2=CC=C(C=C2)C(=O)O)C=C(CC3=CC=CS3)C(=O)O.CS(=O)(=O)O
BRD-K68132782	CC(C)(C)C#CC=CCN(C)CC1=CC=CC2=CC=CC=C21
BRD-K68264559	C1CN=C(N1)NC2=C(C3=NC=CN=C3C=C2)Br
BRD-K68507560	CCN(CC)CCOC(=O)C1(CCCCC1)C2CCCCC2
BRD-K68867920	C1CN(CCN1CCOCCO)C2=NC3=CC=CC=C3SC4=CC=CC=C42
BRD-K69688083	C[N+]1=CC=CC(=C1)OC(=O)N(C)C
BRD-K70330367	C1C2CC3CC1CC(C2)(C3)N
BRD-K70358946	C1CC(=O)NC2=C1C=CC(=C2)OCCCCN3CCN(CC3)C4=C(C(=CC=C4)Cl)Cl
BRD-K70401845	COCCOC1=C(C=C2C(=C1)C(=NC=N2)NC3=CC=CC(=C3)C#C)OCCOC
BRD-K70778732	C1CN(CCN1CCCN2C(=O)N3C=CC=CC3=N2)C4=CC(=CC=C4)Cl
BRD-K70976396	COC1(C2N(C1=O)C(=C(CS2)COC(=O)N)C(=O)[O-])NC(=O)CC3=CC=CS3
BRD-K71103788	CNCC[C@@H](C1=CC=CS1)OC2=CC=CC3=CC=CC=C32.Cl
BRD-K71289571	CC1=CC=CC=C1S(=O)(=O)NC(=O)C2=CC(=C(C=C2)CC3=CN(C4=C3C=C(C=C4)NC(=O)OC5CCCC5)C)OC
BRD-K71451869	CC1(OC2CC3C4CCC5=CC(=O)CCC5(C4(C(CC3(C2(O1)C(=O)CCl)C)O)F)C)C
BRD-K71499074	C1=C(C=C(C(=C1S(=O)(=O)N)Cl)Cl)S(=O)(=O)N
BRD-K71799949	C1=CC=C2C(=C1)C=CC3=CC=CC=C3N2C(=O)N
BRD-K72093121	C1=NC(=C2C(=N1)N(C=N2)C3C(C(C(O3)CO)O)O)N
BRD-K72222507	CCOC(=O)C(CCC1=CC=CC=C1)NC(C)C(=O)N2CC3=CC=CC=C3CC2C(=O)O
BRD-K72542090	C(P(=O)(O)O)(P(=O)(O)O)(Cl)Cl
BRD-K72903603	CC1=CN(C(=O)NC1=O)C2CC(C(O2)CO)N=[N+]=[N-]
BRD-K73109821	CC1=NS(=O)(=O)C2=C(N1)C=CC(=C2)Cl
BRD-K73323637	CC(C)(C)NCC(COC1=CC=CC2=C1CCCC2=O)O
BRD-K73838513	C[C@H](C1=CC=CC2=CC=CC=C21)NCCCC3=CC(=CC=C3)C(F)(F)F.Cl
BRD-K73866522	C1=CC=C(C=C1)CCCC(=O)OCC(COC(=O)CCCC2=CC=CC=C2)OC(=O)CCCC3=CC=CC=C3
BRD-K73947551	C(CN)CNCCSP(=O)(O)O
BRD-K73999723	CCCC1=NC2=C(N1CC3=CC=C(C=C3)C4=CC=CC=C4C(=O)O)C=C(C=C2C)C5=NC6=CC=CC=C6N5C
BRD-K74501079	CCC1C(C(C(N(CC(CC(C(C(C(C(C(=O)O1)C)OC2CC(C(C(O2)C)O)(C)OC)C)OC3C(C(CC(O3)C)N(C)C)O)(C)O)C)C)C)O)(C)O
BRD-K74514084	CC1=C(C=C(C=C1)NC2=NC=CC(=N2)N(C)C3=CC4=NN(C(=C4C=C3)C)C)S(=O)(=O)N
BRD-K74763371	CC(C)(C)C1=CC=C(C=C1)S(=O)(=O)NC2=C(C(=NC(=N2)C3=NC=CC=N3)OCCO)OC4=CC=CC=C4OC
BRD-K74913225	CCN[C@H]1CN(S(=O)(=O)C2=C1C=C(S2)S(=O)(=O)N)CCCOC
BRD-K75037734	C[N+](C)(C)CCOC(=O)N
BRD-K75089421	CCN(CC)CCNC(=O)C1=CC=C(C=C1)N
BRD-K75466013	CCOC(=O)C1=CC=C(C=C1)N
BRD-K75527158	C(CC(O)(P(=O)(O)O)P(=O)(O)O)CN
BRD-K75641298	CCN(CC)CCNC(=O)C1=CC(=C(C=C1OC)N)Cl
BRD-K75649340	C1=NC2=C(N1)C(=S)N=C(N2)N
BRD-K75699339	CN(C)CCC1=CNC2=C1C=C(C=C2)CN3C=NC=N3.C1=CC=C(C=C1)C(=O)O
BRD-K75868704	CC(C(=O)NC1=C(C(=C(C(=C1I)C(=O)NC(CO)CO)I)C(=O)NC(CO)CO)I)O
BRD-K75958195	CN1CCC(=C2C3=C(CCC4=CC=CC=C42)SC=C3)CC1
BRD-K76205745	CCCCC1=NC(=C(N1CC2=CC=C(C=C2)C3=CC=CC=C3C4=NNN=N4)CO)Cl
BRD-K76304753	C1=CC=C(C=C1)N=NC2=C(N=C(C=C2)N)N
BRD-K76634210	C1C(C(OC1N2C=C(C(=O)NC2=O)I)CO)O
BRD-K76747609	CCC(=O)OCC(=O)C1(C(CC2C1(CC(C3(C2CCC4=CC(=O)C=CC43C)Cl)O)C)C)OC(=O)CC
BRD-K76927775	C1C(=O)NC(=O)N1N=CC2=CC=C(O2)[N+](=O)[O-]
BRD-K77641333	C1CN=C(N1)CC2=CC=CC3=CC=CC=C32
BRD-K77695569	C1=CC=C2C(=C1)NC(=N2)C3=CSC=N3
BRD-K77771411	CC1=NC(=C(C(=N1)Cl)NC2=NCCN2)OC
BRD-K77987382	COC(=O)NC1=NC2=C(N1)C=C(C=C2)C(=O)C3=CC=CC=C3
BRD-K78010432	C1=COC(=C1)CNC2=CC(=C(C=C2C(=O)O)S(=O)(=O)N)Cl
BRD-K78431006	CC(C1=C(C=CC(=C1Cl)F)Cl)OC2=C(N=CC(=C2)C3=CN(N=C3)C4CCNCC4)N
BRD-K78485176	CCCC1=NC(=C(N1CC2=CC=C(C=C2)C3=CC=CC=C3C4=NNN=N4)C(=O)OCC5=C(OC(=O)O5)C)C(C)(C)O
BRD-K78692225	CC1=C(C=NO1)C(=O)NC2=CC=C(C=C2)C(F)(F)F
BRD-K79124250	CC(=O)N(C)C1=C(C(=C(C(=C1I)C(=O)NCC(=O)NC2=C(C(=C(C(=C2I)C(=O)O)I)C(=O)NCCO)I)I)C(=O)NC)I
BRD-K79131256	CCCSC1=CC2=C(C=C1)N=C(N2)NC(=O)OC
BRD-K79254416	C1C(C(OC1N2C=NC(=NC2=O)N)CO)O
BRD-K79501723	CN1CCN(CC1)C(C2=CC=CC=C2)C3=CC=CC=C3
BRD-K79602928	CN(C)C(=N)N=C(N)N
BRD-K80267133	C1=CC(=C(C=C1N)O)C(=O)O
BRD-K81128206	CC[N+](C)(C)C1=CC(=CC=C1)O
BRD-K81169441	CC(C)C1=C(C(=C(C(=N1)C(C)C)COC)C2=CC=C(C=C2)F)C=CC(CC(CC(=O)O)O)O
BRD-K81418486	C1=CC=C(C=C1)NC(=O)CCCCCCC(=O)NO
BRD-K81528515	CC1=C(C=C(C=C1)C(=O)NC2=CC(=CC(=C2)C(F)(F)F)N3C=C(N=C3)C)NC4=NC=CC(=N4)C5=CN=CC=C5
BRD-K81925854	C[C@@H]1CC2C3C[C@@H](C4=CC(=O)C=CC4([C@]3(C(CC2(C1C(=O)CO)C)O)Cl)C)F
BRD-K82143716	C1=NC(=O)NC(=C1F)N
BRD-K82225283	C1[C@@H]([C@@H]2[C@H](O1)[C@@H](CO2)O[N+](=O)[O-])O
BRD-K82255054	CC(C)C1=C(C(=CC=C1)C(C)C)O
BRD-K82357231	C1CC2=C(C=CC(=C2)Cl)C(=C3CCNCC3)C4=C1C=CC=N4
BRD-K82381502	CC(=O)OCC[N+](C)(C)C
BRD-K82562631	CC1=CC=C(C=C1)C(=O)C2=CC=C(N2C)CC(=O)[O-]
BRD-K82795137	CCOC(=O)N1CCC(=C2C3=C(CCC4=C2N=CC=C4)C=C(C=C3)Cl)CC1
BRD-K82846253	CCOC1=C(C=CC(=C1)CC(=O)NC(CC(C)C)C2=CC=CC=C2N3CCCCC3)C(=O)O
BRD-K82941592	CC(C)C1=NC(=NC(=C1C=C[C@@H](C[C@H](CC(=O)O)O)O)C2=CC=C(C=C2)F)N(C)S(=O)(=O)C
BRD-K83144676	CCCC1=NC(=C(N1CC2=CC=C(C=C2)C3=CC=CC=C3C4=NNN=N4)C(=O)O)C(C)(C)O
BRD-K83636919	CCN(CC)C(=O)C(=CC1=CC(=C(C(=C1)O)O)[N+](=O)[O-])C#N
BRD-K83896451	C(CC(=O)N)C(C(=O)O)N
BRD-K84091759	CCOC1=NC2=CC=CC(=C2N1CC3=CC=C(C=C3)C4=CC=CC=C4C5=NNN=N5)C(=O)O
BRD-K85090592	CCC1C(COC1=O)CC2=CN=CN2C
BRD-K85119730	CCCCNC(=O)NS(=O)(=O)C1=CC=C(C=C1)C
BRD-K85503079	C1CC[C@H]([C@@H](C1)CN2CCN(CC2)C3=NSC4=CC=CC=C43)CN5C(=O)[C@H]6[C@@H]7CC[C@@H](C7)[C@H]6C5=O
BRD-K85925969	C1CC(OC1CO)N2C=CC(=NC2=O)N
BRD-K86204871	CC(C)N1CCN(CC1)C2=CC=C(C=C2)OCC3COC(O3)(CN4C=NC=N4)C5=C(C=C(C=C5)Cl)Cl
BRD-K86301799	C1CCN(CC1)C2=NC(=NC3=C2N=C(N=C3N4CCCCC4)N(CCO)CCO)N(CCO)CCO
BRD-K86307448	O=c1[nH]cnc2[nH]ncc12
BRD-K86434416	CC(CC1=CC=CC=C1)N(C)CC#C
BRD-K86595100	CN=C1CN(C(=C2C=C(C=CC2=N1)Cl)C3=CC=CC=C3)O
BRD-K86887724	CN(CCC1=CC=C(C=C1)NS(=O)(=O)C)CCOC2=CC=C(C=C2)NS(=O)(=O)C
BRD-K86940322	CCC[C@@H](C(=O)OCC)N[C@H](C)C(=O)N1[C@H]2CCCC[C@H]2C[C@H]1C(=O)O.CC(C)(C)N
BRD-K87024524	C1=CC=C(C=C1)CCNN
BRD-K87156652	CCOC(=O)N1C=CN(C1=S)C
BRD-K87202646	C1=CN=CC=C1C(=O)NN
BRD-K88043978	C1C(C(C(C(C1NC(=O)C(CCN)O)OC2C(C(C(C(O2)CO)O)N)O)O)OC3C(C(C(C(O3)CN)O)O)O)N
BRD-K88304388	CN1CCC23CCCCC2C1CC4=C3C=C(C=C4)O
BRD-K88365400	C1CN=C(NC1C2C(=O)NCC(C(=O)NC(C(=O)NC(C(=O)NC(=CNC(=O)N)C(=O)N2)CNC(=O)CC(CCCN)N)CO)N)N
BRD-K88429204	CCC1=C(C(=NC(=N1)N)N)C2=CC=C(C=C2)Cl
BRD-K88510285	B([C@@H](CC(C)C)NC(=O)[C@@H](CC1=CC=CC=C1)NC(=O)C2=NC=CN=C2)(O)O
BRD-K88682005	C1=C2C(=CC(=C1Cl)S(=O)(=O)N)S(=O)(=O)N=CN2
BRD-K88701661	C(C(C(=O)O)S)(C(=O)O)S
BRD-K88789588	C1=CC(=CC=C1C#N)C(C2=CC=C(C=C2)C#N)N3C=NC=N3
BRD-K88871508	CCN(CC)C(=O)NC1CN(C2CC3=CNC4=CC=CC(=C34)C2=C1)C
BRD-K89125793	CCS(=O)(=O)CCN1C(=NC=C1[N+](=O)[O-])C
BRD-K89669299	C1CN(CCC1O)CCCN2C3=CC=CC=C3SC4=C2C=C(C=C4)C#N
BRD-K89708791	C[C@H]1C=CC=C(C(=O)NC2=C(C3=C(C4=C(C(=C3O)C)O[C@@](C4=O)(OC=C[C@@H]([C@H]([C@H]([C@@H]([C@@H]([C@@H]([C@H]1O)C)O)C)OC(=O)C)C)OC)C)C5=C2N6C=CC(=CC6=N5)C)O)C
BRD-K89732114	CN1CCN(CC1)CCCN2C3=CC=CC=C3SC4=C2C=C(C=C4)C(F)(F)F
BRD-K89839824	CN(Cc1ccc2[nH]c(C)nc(=O)c2c1)c1ccc(s1)C(=O)N[C@@H](CCC(O)=O)C(O)=O
BRD-K89997465	CN(C)CCCN1C2=CC=CC=C2SC3=C1C=C(C=C3)Cl
BRD-K90333595	CC1=CC=C(C=C1)N(CC2=NCCN2)C3=CC(=CC=C3)O
BRD-K90630139	CC(C)(C)C1=CC=C(C=C1)CN(C)CC2=CC=CC3=CC=CC=C32
BRD-K90733503	CC1=C(N2C(C(C2=O)NC(=O)C(C3=CC=CC=C3)N)SC1)C(=O)O
BRD-K90789829	CCC1=NN(C(=O)N1CCOC2=CC=CC=C2)CCCN3CCN(CC3)C4=CC(=CC=C4)Cl
BRD-K90885812	CC(C)[N+](C)(CCOC(=O)C1C2=CC=CC=C2OC3=CC=CC=C13)C(C)C
BRD-K91289464	CN1C(=NN=N1)SCC2=C(N3C([C@@](C3=O)(NC(=O)C4SC(=C(C(=O)N)C(=O)O)S4)OC)SC2)C(=O)O
BRD-K91315211	CNCCC1=CC=CC=N1
BRD-K91601245	C1=NC2=C(N1)C(=S)N=CN2
BRD-K91699951	CCCCNC1=CC=C(C=C1)C(=O)OCCOCCOCCOCCOCCOCCOCCOCCOCCOC
BRD-K92049597	C1=CC=C(C=C1)C2=NC3=C(N=C(N=C3N=C2N)N)N
BRD-K92428153	CC1=C2COC(=O)C2=C(C(=C1OC)CC=C(C)CCC(=O)OCCN3CCOCC3)O
BRD-K92657060	CCN(C1=CC=CC(=C1)C2=CC=NC3=C(C=NN23)C#N)C(=O)C
BRD-K92723993	CC1=C(C=C(C=C1)NC(=O)C2=CC=C(C=C2)CN3CCN(CC3)C)NC4=NC=CC(=N4)C5=CN=CC=C5
BRD-K92778217	CC1=C(C(=CC=C1)NC2=CC=CC=C2C(=O)O)C
BRD-K93034159	C1C(C(OC1N2C=NC3=C(N=C(N=C32)Cl)N)CO)O
BRD-K93331255	C1C[C@H](N(C1)C(=O)[C@@H]2CSSC[C@@H](C(=O)N[C@H](C(=O)N[C@H](C(=O)N[C@H](C(=O)N[C@H](C(=O)N2)CC(=O)N)CCC(=O)N)CC3=CC=CC=C3)CC4=CC=C(C=C4)O)NC(=O)CNC(=O)CNC(=O)CN)C(=O)N[C@@H](CCCCN)C(=O)NCC(=O)N
BRD-K93332168	CC1=CC(=NO1)C(=O)NNCC2=CC=CC=C2
BRD-K93460210	C1=CC(=C(C(=C1)Cl)Cl)C2=C(N=C(N=N2)N)N
BRD-K93461745	C1CCC2(C1)CC(=O)N(C(=O)C2)CCCCN3CCN(CC3)C4=NC=CC=N4
BRD-K93632104	C1=CC=C(C(=C1)C(=O)O)O
BRD-K93645900	CN1CC(=O)N2[C@@H](C1=O)CC3=C([C@H]2C4=CC5=C(C=C4)OCO5)NC6=CC=CC=C36
BRD-K93880783	CC1=CN(C(=O)NC1=O)C2C=CC(O2)CO
BRD-K95237249	CCCN(CCC)S(=O)(=O)C1=CC=C(C=C1)C(=O)O
BRD-K95773607	C1CN(CC1C(C2=CC=CC=C2)(C3=CC=CC=C3)C(=O)N)CCC4=CC5=C(C=C4)OCC5
BRD-K95785345	CC1=C(SC=[N+]1CC2=CN=C(N=C2N)C)CCO
BRD-K96319534	CC(C)(CC1=CC=CC=C1)N
BRD-K96354014	CC1=C(C(C(=C(N1)C)C(=O)OC)C2=CC=CC=C2[N+](=O)[O-])C(=O)OC
BRD-K96471533	CC(=O)OC1=CC=CC=C1C(=O)NC2=NC=C(S2)[N+](=O)[O-]
BRD-K96786677	CC1=C(C(=NO1)C2=CC=CC=C2)C(=O)NC3C4N(C3=O)C(C(S4)(C)C)C(=O)[O-]
BRD-K96862998	CC1=CN(C(=O)C=C1)C2=CC=CC=C2
BRD-K97158071	C1CN(CC=C1N2C3=CC=CC=C3NC2=O)CCCC(=O)C4=CC=C(C=C4)F
BRD-K97181089	C1(=C(N=C(C(=N1)Cl)N)N)C(=O)N=C(N)N.Cl
BRD-K97309399	CN1CCN(CC1)CCC=C2C3=CC=CC=C3SC4=C2C=C(C=C4)S(=O)(=O)N(C)C
BRD-K97530723	CC(=O)NCCC1=CNC2=C1C=C(C=C2)OC
BRD-K97564742	CN(C)CCN(CC1=CC=C(C=C1)OC)C2=CC=CC=N2
BRD-K97746869	CCCNC(=O)NS(=O)(=O)C1=CC=C(C=C1)Cl
BRD-K97752965	C1=CC(=CN=C1)C(=O)NCCO[N+](=O)[O-]
BRD-K98174813	C1=CC2=C(C=C1Cl)NC(=O)O2
BRD-K98490050	COC1=C(C=CC(=C1)NS(=O)(=O)C)NC2=C3C=CC=CC3=NC4=CC=CC=C42
BRD-K98530306	C1CN=C(N1)NC2=C(C=CC=C2Cl)Cl
BRD-K98769987	CCOC(=O)C1=C2CN(C(=O)C3=C(N2C=N1)C=CC(=C3)F)C
BRD-K99063460	OC[C@@H]1CC[C@@H](O1)n1cnc2c(O)ncnc12
BRD-K99107520	C1=CC=C(C=C1)C(COC(=O)N)COC(=O)N
BRD-K99447003	C[C@H](C(=O)N1CCC[C@H]1C(=O)O)N[C@@H](CCC2=CC=CC=C2)C(=O)O
BRD-K99615199	C[C@H]1C[C@@H]2[C@H](CC[C@]3([C@H]2CC[C@@]3(C(=O)C)O)C)[C@@]4(C1=CC(=O)CC4)C
BRD-K99792991	C1=C(C(=C(C(=C1Cl)Cl)CC2=C(C(=CC(=C2Cl)Cl)Cl)O)O)Cl
BRD-K99964838	CN1CCN(CC1)CCCOC2=C(C=C3C(=C2)N=CC(=C3NC4=CC(=C(C=C4Cl)Cl)OC)C#N)OC
BRD-M10279501	CC(C1CCC(C(O1)OC2C(CC(C(C2O)OC3C(C(C(CO3)(C)O)NC)O)N)N)N)NC
BRD-M30251550	CC(C)(C)NCC(COC1=CC=CC=C1C2CCCC2)O
BRD-M37402942	CC1([C@@H](N2[C@H](S1)[C@@H](C2=O)NC(=O)CC3=CC=CC=C3)C(=O)O)C.CC1([C@@H](N2[C@H](S1)[C@@H](C2=O)NC(=O)CC3=CC=CC=C3)C(=O)O)C.C1=CC=C(C=C1)CNCCNCC2=CC=CC=C2
BRD-M40783228	C(CS(=O)(=O)O)S
BRD-M41783010	CC(=O)NCCCS(=O)(=O)O
BRD-M53001068	CN1C2=C(C(=O)N(C1=O)C)NC=N2.CN1C2=C(C(=O)N(C1=O)C)NC=N2.C(CN)N
BRD-M56587789	CCCCCCCN(CC)CCCC(C1=CC=C(C=C1)NS(=O)(=O)C)O.CCCCCCCN(CC)CCCC(C1=CC=C(C=C1)NS(=O)(=O)C)O.C(=CC(=O)O)C(=O)O
BRD-M61246020	CC(C1=CC(=CC=C1)OC2=CC=CC=C2)C(=O)O
BRD-M64432851	CCN(CC)CCNC(=O)C1=C(NC(=C1C)C=C2C3=C(C=CC(=C3)F)NC2=O)C
BRD-M73371355	CN1CCC2=C3C1CC4=C(C3=CC=C2)C(=C(C=C4)O)O
BRD-M98649031	CN1C2=C(C(=O)N(C1=O)C)NC(=N2)Cl.CN(C)CCOC(C1=CC=CC=C1)C2=CC=CC=C2
DMSO	CS(=O)C
